Protocollo;Gruppo;DataOraIncidente;Localizzazione1;STRADA1;Localizzazione2;STRADA2;Strada02;Chilometrica;DaSpecificare;NaturaIncidente;particolaritastrade;TipoStrada;FondoStradale;Pavimentazione;Segnaletica;CondizioneAtmosferica;Traffico;Visibilita;Illuminazione;NUM_FERITI;NUM_RISERVATA;NUM_MORTI;NUM_ILLESI;Longitudine;Latitudine;Confermato;Progressivo;TipoVeicolo;StatoVeicolo;TipoPersona;Sesso;Tipolesione;Deceduto;DecedutoDopo;CinturaCascoUtilizzato;Airbag
1800406;1;11/05/2009 14:50;Strada Urbana;VIA CARDINALE MARMAGGI;in corrispondenza;;del civico n. ;29;;Investimento di pedone;Rettilineo;Una carreggiata a senso unico di marcia;Asciutto;Acciotolata;Verticale ed orizzontale;Sereno;Scarso;Buona;Ore Diurne;1;0;0;1;;;-1;1;Autovettura privata;In marcia / fermata / arresto;Conducente;M;Illeso;0;;Utilizzato;Inesistente
1800409;1;11/05/2009 00:50;Strada Urbana;VIA NAZIONALE;all'intersezione semaforizzata con;VIA TORINO;VIA TORINO;;;Tamponamento;Incrocio;Più di due carreggiate;Asciutto;Acciotolata;Verticale ed orizzontale;Sereno;Scarso;Buona;Sufficiente;0;0;0;3;;;-1;1;Autovettura privata;In marcia / fermata / arresto;Conducente;M;Illeso;0;;Non accertato;Inesistente
1800409;1;11/05/2009 00:50;Strada Urbana;VIA NAZIONALE;all'intersezione semaforizzata con;VIA TORINO;VIA TORINO;;;Tamponamento;Incrocio;Più di due carreggiate;Asciutto;Acciotolata;Verticale ed orizzontale;Sereno;Scarso;Buona;Sufficiente;0;0;0;3;;;-1;2;Autovettura privata;In marcia / fermata / arresto;Conducente;M;Illeso;0;;Non accertato;Inesistente
1800409;1;11/05/2009 00:50;Strada Urbana;VIA NAZIONALE;all'intersezione semaforizzata con;VIA TORINO;VIA TORINO;;;Tamponamento;Incrocio;Più di due carreggiate;Asciutto;Acciotolata;Verticale ed orizzontale;Sereno;Scarso;Buona;Sufficiente;0;0;0;3;;;-1;2;Autovettura privata;In marcia / fermata / arresto;Passeggero;M;Illeso;0;;Non accertato;Inesistente
1800410;1;13/05/2009 05:30;Strada Urbana;PIAZZA DEI CINQUECENTO;all'intersezione semaforizzata con;VIALE ENRICO DE NICOLA;VIALE ENRICO DE NICOLA;;;Scontro frontale fra veicoli in marcia;Incrocio;Più di due carreggiate;Asciutto;Asfaltata;Verticale ed orizzontale;Sereno;Scarso;Buona;Ore Diurne;2;0;0;1;;;-1;1;Autovettura privata;In marcia / fermata / arresto;Conducente;M;Rimandato;0;NON DECEDUTO;Non accertato;Inesistente
1800410;1;13/05/2009 05:30;Strada Urbana;PIAZZA DEI CINQUECENTO;all'intersezione semaforizzata con;VIALE ENRICO DE NICOLA;VIALE ENRICO DE NICOLA;;;Scontro frontale fra veicoli in marcia;Incrocio;Più di due carreggiate;Asciutto;Asfaltata;Verticale ed orizzontale;Sereno;Scarso;Buona;Ore Diurne;2;0;0;1;;;-1;1;Autovettura privata;In marcia / fermata / arresto;Passeggero;M;Rimandato;0;NON DECEDUTO;Non accertato;Inesistente
1800410;1;13/05/2009 05:30;Strada Urbana;PIAZZA DEI CINQUECENTO;all'intersezione semaforizzata con;VIALE ENRICO DE NICOLA;VIALE ENRICO DE NICOLA;;;Scontro frontale fra veicoli in marcia;Incrocio;Più di due carreggiate;Asciutto;Asfaltata;Verticale ed orizzontale;Sereno;Scarso;Buona;Ore Diurne;2;0;0;1;;;-1;2;Autobus urbano;In marcia / fermata / arresto;Conducente;M;Illeso;0;;Esente;Inesistente
1800414;10;13/05/2009 08:50;Strada Urbana;VIA DI VERMICINO;in prossimità;;del civico n. ;562;;Scontro laterale fra veicoli in marcia;Rettilineo;Una carreggiata a doppio senso;Asciutto;Asfaltata;Verticale ed orizzontale;Sereno;Intenso;Buona;Ore Diurne;1;0;0;1;;;-1;1;Autovettura privata;In marcia / fermata / arresto;Conducente;M;Illeso;0;;Non accertato;Inesistente
1800414;10;13/05/2009 08:50;Strada Urbana;VIA DI VERMICINO;in prossimità;;del civico n. ;562;;Scontro laterale fra veicoli in marcia;Rettilineo;Una carreggiata a doppio senso;Asciutto;Asfaltata;Verticale ed orizzontale;Sereno;Intenso;Buona;Ore Diurne;1;0;0;1;;;-1;2;Motociclo a solo;In marcia / fermata / arresto;Conducente;M;Rifiuta cure immediate;0;NON DECEDUTO;Non accertato;Inesistente
1800415;10;13/05/2009 14:00;Strada Urbana;VIA TUSCOLANA;all'intersezione con;VIA DI CAMPO ROMANO;VIA DI CAMPO ROMANO;;;Tamponamento;Incrocio;Due carreggiate;Asciutto;Asfaltata;Verticale ed orizzontale;Sereno;Normale;Buona;Ore Diurne;2;0;0;0;;;-1;1;Autovettura privata;In marcia / fermata / arresto;Conducente;F;Rifiuta cure immediate;0;NON DECEDUTO;Non accertato;Inesistente
1800415;10;13/05/2009 14:00;Strada Urbana;VIA TUSCOLANA;all'intersezione con;VIA DI CAMPO ROMANO;VIA DI CAMPO ROMANO;;;Tamponamento;Incrocio;Due carreggiate;Asciutto;Asfaltata;Verticale ed orizzontale;Sereno;Normale;Buona;Ore Diurne;2;0;0;0;;;-1;2;Ciclomotore;In marcia / fermata / arresto;Conducente;M;Rimandato;0;NON DECEDUTO;Non accertato;Inesistente
1800416;10;13/05/2009 17:30;Strada Urbana;VIA LUCREZIA ROMANA;all'intersezione con;VIA PELLARO;VIA PELLARO;;;Scontro frontale/laterale DX fra veicoli in marcia;Incrocio;Due carreggiate;Asciutto;Asfaltata;Verticale;Sereno;Normale;Buona;Ore Diurne;1;0;0;3;;;-1;1;Autovettura privata;In marcia / fermata / arresto;Conducente;F;Illeso;0;;Non accertato;Inesploso
1800416;10;13/05/2009 17:30;Strada Urbana;VIA LUCREZIA ROMANA;all'intersezione con;VIA PELLARO;VIA PELLARO;;;Scontro frontale/laterale DX fra veicoli in marcia;Incrocio;Due carreggiate;Asciutto;Asfaltata;Verticale;Sereno;Normale;Buona;Ore Diurne;1;0;0;3;;;-1;1;Autovettura privata;In marcia / fermata / arresto;Passeggero;F;Illeso;0;;Non accertato;Inesploso
1800416;10;13/05/2009 17:30;Strada Urbana;VIA LUCREZIA ROMANA;all'intersezione con;VIA PELLARO;VIA PELLARO;;;Scontro frontale/laterale DX fra veicoli in marcia;Incrocio;Due carreggiate;Asciutto;Asfaltata;Verticale;Sereno;Normale;Buona;Ore Diurne;1;0;0;3;;;-1;1;Autovettura privata;In marcia / fermata / arresto;Passeggero;M;Illeso;0;;Non accertato;Inesistente
1800416;10;13/05/2009 17:30;Strada Urbana;VIA LUCREZIA ROMANA;all'intersezione con;VIA PELLARO;VIA PELLARO;;;Scontro frontale/laterale DX fra veicoli in marcia;Incrocio;Due carreggiate;Asciutto;Asfaltata;Verticale;Sereno;Normale;Buona;Ore Diurne;1;0;0;3;;;-1;2;Motociclo a solo;In marcia / fermata / arresto;Conducente;M;Ricoverato;0;NON DECEDUTO;Non accertato;Inesistente
1800417;10;13/05/2009 18:00;Strada Urbana;VIA LUCIO CALPURNIO BIBULO;all'intersezione con;VIA DI CENTOCELLE;VIA DI CENTOCELLE;;;Veicolo in marcia contro veicolo fermo;Intersezione stradale segnalata;Una carreggiata a doppio senso;Asciutto;Asfaltata;Verticale ed orizzontale;Sereno;Intenso;Buona;Ore Diurne;0;0;0;1;;;-1;2;Autovettura privata;In marcia / fermata / arresto;Conducente;M;Illeso;0;;Non accertato;Inesistente
1800418;10;14/05/2009 17:30;Strada Urbana;VIALE BRUNO RIZZIERI;all'intersezione con;VIALE BRUNO PELIZZI;VIALE BRUNO PELIZZI;;;Tamponamento;Rotatoria;Una carreggiata a senso unico di marcia;Asciutto;Asfaltata;Verticale ed orizzontale;Sereno;Normale;Buona;Ore Diurne;0;0;0;2;;;-1;1;Autovettura privata;In marcia / fermata / arresto;Conducente;M;Illeso;0;;Non accertato;Inesploso
1800418;10;14/05/2009 17:30;Strada Urbana;VIALE BRUNO RIZZIERI;all'intersezione con;VIALE BRUNO PELIZZI;VIALE BRUNO PELIZZI;;;Tamponamento;Rotatoria;Una carreggiata a senso unico di marcia;Asciutto;Asfaltata;Verticale ed orizzontale;Sereno;Normale;Buona;Ore Diurne;0;0;0;2;;;-1;2;Autovettura privata;In marcia / fermata / arresto;Conducente;F;Illeso;0;;Non accertato;Inesploso
1800422;11;02/05/2009 10:00;Strada Urbana;VIA ARDEATINA;da specificare;;;;altezza CONAD;Infortunio per caduta del veicolo;Rettilineo;Una carreggiata a senso unico alternato;Asciutto;Asfaltata;Verticale ed orizzontale;Sereno;Normale;Buona;Ore Diurne;2;0;0;1;;;-1;1;Motociclo con passeggero;In marcia / fermata / arresto;Conducente;M;Rifiuta cure immediate;0;NON DECEDUTO;Non accertato;Inesploso
1800422;11;02/05/2009 10:00;Strada Urbana;VIA ARDEATINA;da specificare;;;;altezza CONAD;Infortunio per caduta del veicolo;Rettilineo;Una carreggiata a senso unico alternato;Asciutto;Asfaltata;Verticale ed orizzontale;Sereno;Normale;Buona;Ore Diurne;2;0;0;1;;;-1;1;Motociclo con passeggero;In marcia / fermata / arresto;Passeggero;M;Rimandato;0;NON DECEDUTO;Non accertato;Inesistente
1800422;11;02/05/2009 10:00;Strada Urbana;VIA ARDEATINA;da specificare;;;;altezza CONAD;Infortunio per caduta del veicolo;Rettilineo;Una carreggiata a senso unico alternato;Asciutto;Asfaltata;Verticale ed orizzontale;Sereno;Normale;Buona;Ore Diurne;2;0;0;1;;;-1;2;Autovettura privata;In marcia / fermata / arresto;Conducente;F;Illeso;0;;Non accertato;Inesploso
1800423;11;02/05/2009 15:15;Strada Urbana;VIA DEL SERAFICO;in corrispondenza;;del civico n. ;210;;Scontro laterale fra veicoli in marcia;Rettilineo;Una carreggiata a senso unico di marcia;Bagnato (pioggia);Asfaltata;Verticale ed orizzontale;Nuvoloso;Normale;Buona;Ore Diurne;0;0;0;2;;;-1;1;Autovettura privata;In marcia / fermata / arresto;Conducente;M;Illeso;0;;Non accertato;Inesploso
1800423;11;02/05/2009 15:15;Strada Urbana;VIA DEL SERAFICO;in corrispondenza;;del civico n. ;210;;Scontro laterale fra veicoli in marcia;Rettilineo;Una carreggiata a senso unico di marcia;Bagnato (pioggia);Asfaltata;Verticale ed orizzontale;Nuvoloso;Normale;Buona;Ore Diurne;0;0;0;2;;;-1;2;Autovettura privata;In marcia / fermata / arresto;Conducente;F;Illeso;0;;Non accertato;Inesploso
1800424;11;03/05/2009 09:30;Strada Urbana;VIA ALBERTO GUGLIELMOTTI;all'intersezione con;VIA DELLE SETTE CHIESE;VIA DELLE SETTE CHIESE;;;Veicolo in marcia contro veicoli in arresto;Incrocio;Una carreggiata a senso unico di marcia;Asciutto;Asfaltata;Verticale;Sereno;Scarso;Buona;Ore Diurne;0;0;0;1;;;-1;1;Autobus di linea;In marcia / fermata / arresto;Conducente;M;Illeso;0;;Non accertato;Inesistente
1800425;12;12/05/2009 10:30;Provinciale;VIA PONTINA;da specificare;;;;dir. roma km 13.100;Scontro laterale fra veicoli in marcia;Rettilineo;Più di due carreggiate;Asciutto;Asfaltata;Verticale ed orizzontale;Sereno;Normale;Buona;Ore Diurne;0;0;0;2;;;-1;1;Autotreno;In marcia / fermata / arresto;Conducente;M;Illeso;0;;Utilizzato;Inesistente
1800425;12;12/05/2009 10:30;Provinciale;VIA PONTINA;da specificare;;;;dir. roma km 13.100;Scontro laterale fra veicoli in marcia;Rettilineo;Più di due carreggiate;Asciutto;Asfaltata;Verticale ed orizzontale;Sereno;Normale;Buona;Ore Diurne;0;0;0;2;;;-1;2;Autovettura privata;In marcia / fermata / arresto;Conducente;M;Illeso;0;;Utilizzato;Inesistente
1800426;12;12/05/2009 12:40;Strada Urbana;VIA CRISTOFORO COLOMBO;da specificare;;;;svincolo VIADOTTO MAGLIANA direzione FIUMICINO;Scontro frontale fra veicoli in marcia;Cavalcavia;Una carreggiata a senso unico di marcia;Asciutto;Asfaltata;Assente;Sereno;Normale;Buona;Ore Diurne;0;0;0;1;;;-1;1;Motociclo a solo;In marcia / fermata / arresto;Conducente;M;Illeso;0;;Utilizzato;Inesistente
1800427;12;12/05/2009 14:35;Strada Urbana;VIALE DELL'OCEANO PACIFICO;all'intersezione con;VIALE CITTA' D'EUROPA;VIALE CITTA' D'EUROPA;;;Scontro frontale/laterale DX fra veicoli in marcia;Incrocio;Una carreggiata a doppio senso;Asciutto;Asfaltata;Verticale ed orizzontale;Sereno;Normale;Buona;Ore Diurne;0;0;0;4;;;-1;1;Autovettura privata;In marcia / fermata / arresto;Conducente;M;Illeso;0;;Utilizzato;Inesistente
1800427;12;12/05/2009 14:35;Strada Urbana;VIALE DELL'OCEANO PACIFICO;all'intersezione con;VIALE CITTA' D'EUROPA;VIALE CITTA' D'EUROPA;;;Scontro frontale/laterale DX fra veicoli in marcia;Incrocio;Una carreggiata a doppio senso;Asciutto;Asfaltata;Verticale ed orizzontale;Sereno;Normale;Buona;Ore Diurne;0;0;0;4;;;-1;2;Autovettura privata;In marcia / fermata / arresto;Conducente;M;Illeso;0;;Utilizzato;Inesistente
1800427;12;12/05/2009 14:35;Strada Urbana;VIALE DELL'OCEANO PACIFICO;all'intersezione con;VIALE CITTA' D'EUROPA;VIALE CITTA' D'EUROPA;;;Scontro frontale/laterale DX fra veicoli in marcia;Incrocio;Una carreggiata a doppio senso;Asciutto;Asfaltata;Verticale ed orizzontale;Sereno;Normale;Buona;Ore Diurne;0;0;0;4;;;-1;2;Autovettura privata;In marcia / fermata / arresto;Passeggero;F;Illeso;0;;Utilizzato;Inesistente
1800427;12;12/05/2009 14:35;Strada Urbana;VIALE DELL'OCEANO PACIFICO;all'intersezione con;VIALE CITTA' D'EUROPA;VIALE CITTA' D'EUROPA;;;Scontro frontale/laterale DX fra veicoli in marcia;Incrocio;Una carreggiata a doppio senso;Asciutto;Asfaltata;Verticale ed orizzontale;Sereno;Normale;Buona;Ore Diurne;0;0;0;4;;;-1;2;Autovettura privata;In marcia / fermata / arresto;Passeggero;F;Illeso;0;;Utilizzato;Inesistente
1800428;12;12/05/2009 17:45;Strada Urbana;VIA DEI CORAZZIERI;in corrispondenza;;del civico n. ;44;;Scontro laterale fra veicoli in marcia;Rettilineo;Una carreggiata a senso unico di marcia;Asciutto;Asfaltata;Orizzontale;Sereno;Normale;Buona;Ore Diurne;0;0;0;2;;;-1;1;Autovettura privata;In marcia / fermata / arresto;Conducente;M;Illeso;0;;Utilizzato;Inesistente
1800428;12;12/05/2009 17:45;Strada Urbana;VIA DEI CORAZZIERI;in corrispondenza;;del civico n. ;44;;Scontro laterale fra veicoli in marcia;Rettilineo;Una carreggiata a senso unico di marcia;Asciutto;Asfaltata;Orizzontale;Sereno;Normale;Buona;Ore Diurne;0;0;0;2;;;-1;2;Autobus di linea;In marcia / fermata / arresto;Conducente;M;Illeso;0;;Non accertato;Inesistente
1800429;12;12/05/2009 19:00;Strada Urbana;VIALE EUROPA;in corrispondenza;;del civico n. ;133;;Tamponamento;Rettilineo;Una carreggiata a doppio senso;Asciutto;Asfaltata;Verticale ed orizzontale;Sereno;Normale;Buona;Ore Diurne;0;0;0;3;;;-1;1;Autovettura privata;In marcia / fermata / arresto;Conducente;M;Illeso;0;;Utilizzato;Inesistente
1800429;12;12/05/2009 19:00;Strada Urbana;VIALE EUROPA;in corrispondenza;;del civico n. ;133;;Tamponamento;Rettilineo;Una carreggiata a doppio senso;Asciutto;Asfaltata;Verticale ed orizzontale;Sereno;Normale;Buona;Ore Diurne;0;0;0;3;;;-1;2;Autovettura privata;In marcia / fermata / arresto;Conducente;M;Illeso;0;;Utilizzato;Inesistente
1800429;12;12/05/2009 19:00;Strada Urbana;VIALE EUROPA;in corrispondenza;;del civico n. ;133;;Tamponamento;Rettilineo;Una carreggiata a doppio senso;Asciutto;Asfaltata;Verticale ed orizzontale;Sereno;Normale;Buona;Ore Diurne;0;0;0;3;;;-1;2;Autovettura privata;In marcia / fermata / arresto;Passeggero;F;Illeso;0;;Utilizzato;Inesistente
1800430;12;12/05/2009 19:10;Strada Urbana;VIALE DEI CADUTI NELLA GUERRA DI LIBERAZIONE;all'intersezione con;VIA DEGLI EROI DI COO;VIA DEGLI EROI DI COO;;;Scontro laterale fra veicoli in marcia;Incrocio;Una carreggiata a senso unico di marcia;Asciutto;Asfaltata;Verticale ed orizzontale;Sereno;Scarso;Buona;Ore Diurne;0;0;0;2;;;-1;1;Autovettura privata;In marcia / fermata / arresto;Conducente;F;Illeso;0;;Utilizzato;Inesistente
1800430;12;12/05/2009 19:10;Strada Urbana;VIALE DEI CADUTI NELLA GUERRA DI LIBERAZIONE;all'intersezione con;VIA DEGLI EROI DI COO;VIA DEGLI EROI DI COO;;;Scontro laterale fra veicoli in marcia;Incrocio;Una carreggiata a senso unico di marcia;Asciutto;Asfaltata;Verticale ed orizzontale;Sereno;Scarso;Buona;Ore Diurne;0;0;0;2;;;-1;2;Autovettura privata;In marcia / fermata / arresto;Conducente;M;Illeso;0;;Utilizzato;Inesistente
1800431;12;12/05/2009 20:15;Strada Urbana;VIALE AMERICA;da specificare;;;;parcheggio alt. Unipol Banca;Scontro frontale fra veicoli in marcia;Rettilineo;Una carreggiata a senso unico di marcia;Asciutto;Asfaltata;Verticale ed orizzontale;Sereno;Scarso;Buona;Sufficiente;0;0;0;2;;;-1;1;Autovettura privata;In marcia / fermata / arresto;Conducente;M;Illeso;0;;Utilizzato;Inesistente
1800431;12;12/05/2009 20:15;Strada Urbana;VIALE AMERICA;da specificare;;;;parcheggio alt. Unipol Banca;Scontro frontale fra veicoli in marcia;Rettilineo;Una carreggiata a senso unico di marcia;Asciutto;Asfaltata;Verticale ed orizzontale;Sereno;Scarso;Buona;Sufficiente;0;0;0;2;;;-1;2;Autovettura privata;In marcia / fermata / arresto;Conducente;M;Illeso;0;;Utilizzato;Inesistente
1800432;12;13/05/2009 07:00;Provinciale entro l'abitato;VIA LAURENTINA;all'intersezione con;LARGO DELLA CECCHIGNOLA;LARGO DELLA CECCHIGNOLA;;;Scontro laterale fra veicoli in marcia;Intersezione semaforizzata;Due carreggiate;Asciutto;Asfaltata;Verticale ed orizzontale;Sereno;Normale;Buona;Ore Diurne;1;0;0;1;;;-1;1;Autocarro inferiore 35 q.;In marcia / fermata / arresto;Conducente;M;Illeso;0;;Utilizzato;Inesistente
1800432;12;13/05/2009 07:00;Provinciale entro l'abitato;VIA LAURENTINA;all'intersezione con;LARGO DELLA CECCHIGNOLA;LARGO DELLA CECCHIGNOLA;;;Scontro laterale fra veicoli in marcia;Intersezione semaforizzata;Due carreggiate;Asciutto;Asfaltata;Verticale ed orizzontale;Sereno;Normale;Buona;Ore Diurne;1;0;0;1;;;-1;2;Motociclo a solo;In marcia / fermata / arresto;Conducente;M;Rimandato;0;NON DECEDUTO;Utilizzato;Inesistente
1800433;12;13/05/2009 08:30;Strada Urbana;VIA ARDEATINA;all'intersezione con;VIA DI TOR PAGNOTTA;VIA DI TOR PAGNOTTA;;;Scontro frontale/laterale DX fra veicoli in marcia;Incrocio;Una carreggiata a doppio senso;Asciutto;Asfaltata;Verticale ed orizzontale;Sereno;Normale;Buona;Ore Diurne;1;0;0;1;;;-1;1;Motociclo a solo;In marcia / fermata / arresto;Conducente;M;Rimandato;0;NON DECEDUTO;Utilizzato;Inesistente
1800433;12;13/05/2009 08:30;Strada Urbana;VIA ARDEATINA;all'intersezione con;VIA DI TOR PAGNOTTA;VIA DI TOR PAGNOTTA;;;Scontro frontale/laterale DX fra veicoli in marcia;Incrocio;Una carreggiata a doppio senso;Asciutto;Asfaltata;Verticale ed orizzontale;Sereno;Normale;Buona;Ore Diurne;1;0;0;1;;;-1;2;Autocarro inferiore 35 q.;In marcia / fermata / arresto;Conducente;M;Illeso;0;;Utilizzato;Inesistente
1800434;12;13/05/2009 13:00;Strada Urbana;VIA ELIO VITTORINI;in corrispondenza;;del civico n. ;67;;Veicolo in marcia contro veicolo fermo;Rettilineo;Una carreggiata a doppio senso;Asciutto;Asfaltata;Orizzontale;Sereno;Normale;Buona;Ore Diurne;1;0;0;1;;;-1;1;Autovettura privata;Sosta;Passeggero;M;Rimandato;0;NON DECEDUTO;Utilizzato;Inesistente
1800434;12;13/05/2009 13:00;Strada Urbana;VIA ELIO VITTORINI;in corrispondenza;;del civico n. ;67;;Veicolo in marcia contro veicolo fermo;Rettilineo;Una carreggiata a doppio senso;Asciutto;Asfaltata;Orizzontale;Sereno;Normale;Buona;Ore Diurne;1;0;0;1;;;-1;2;Autovettura privata;In marcia / fermata / arresto;Conducente;F;Illeso;0;;Utilizzato;Inesistente
1800435;12;14/05/2009 02:00;Strada Urbana;VIA PORTUENSE;in prossimità;;del palo luce n. ;89;;Veicolo in marcia contro ostacolo fisso;Cavalcavia;Due carreggiate;Asciutto;Asfaltata;Verticale ed orizzontale;Sereno;Scarso;Sufficiente;Inesistente;1;0;0;0;;;-1;1;Autovettura privata;In marcia / fermata / arresto;Conducente;M;Rimandato;0;NON DECEDUTO;Utilizzato;Inesistente
1800436;13;08/05/2009 10:30;Strada Urbana;VIA DI MALAFEDE;da specificare;;;;"tra il CAMPING ""FABOLOUS"" e VIA M. MASTROIANNI";Fuoriuscita dalla sede stradale;Rettilineo;Una carreggiata a doppio senso;Asciutto;Asfaltata;Assente;Sereno;Normale;Buona;Ore Diurne;0;0;0;1;;;-1;1;Autovettura privata;In marcia / fermata / arresto;Conducente;F;Illeso;0;;Non accertato;Inesploso
1800437;13;13/05/2009 07:40;Strada Urbana;VIALE VEGA;all'intersezione con;VIA DELLE RANDE;VIA DELLE RANDE;;;Scontro frontale/laterale DX fra veicoli in marcia;Incrocio;Due carreggiate;Asciutto;Asfaltata;Verticale ed orizzontale;Sereno;Normale;Buona;Ore Diurne;1;0;0;1;;;-1;1;Autovettura privata;In marcia / fermata / arresto;Conducente;M;Illeso;0;;Non accertato;Inesploso
1800437;13;13/05/2009 07:40;Strada Urbana;VIALE VEGA;all'intersezione con;VIA DELLE RANDE;VIA DELLE RANDE;;;Scontro frontale/laterale DX fra veicoli in marcia;Incrocio;Due carreggiate;Asciutto;Asfaltata;Verticale ed orizzontale;Sereno;Normale;Buona;Ore Diurne;1;0;0;1;;;-1;2;Motociclo a solo;In marcia / fermata / arresto;Conducente;M;Rimandato;0;NON DECEDUTO;Non accertato;Inesploso
1800438;13;13/05/2009 07:55;Strada Urbana;VIALE DEI ROMAGNOLI;da specificare;;;;altezza via del Collettore Primario;Scontro frontale/laterale DX fra veicoli in marcia;Rettilineo;Una carreggiata a doppio senso;Asciutto;Asfaltata;Verticale ed orizzontale;Sereno;Intenso;Buona;Ore Diurne;1;0;0;1;;;-1;1;Autovettura privata;In marcia / fermata / arresto;Conducente;M;Illeso;0;;Non accertato;Inesploso
1800438;13;13/05/2009 07:55;Strada Urbana;VIALE DEI ROMAGNOLI;da specificare;;;;altezza via del Collettore Primario;Scontro frontale/laterale DX fra veicoli in marcia;Rettilineo;Una carreggiata a doppio senso;Asciutto;Asfaltata;Verticale ed orizzontale;Sereno;Intenso;Buona;Ore Diurne;1;0;0;1;;;-1;2;Motociclo a solo;In marcia / fermata / arresto;Conducente;M;Rimandato;0;NON DECEDUTO;Non accertato;Inesploso
1800439;13;13/05/2009 12:40;Strada Urbana;LUNGOMARE AMERIGO VESPUCCI;da specificare;;;;ALTEZZA STABILIMENTO BALNEARE VENEZIA;Tamponamento;Rettilineo;Una carreggiata a doppio senso;Asciutto;Asfaltata;Verticale ed orizzontale;Sereno;Normale;Sufficiente;Ore Diurne;0;0;0;4;;;-1;1;Autovettura privata;In marcia / fermata / arresto;Conducente;M;Illeso;0;;Non accertato;Inesploso
1800439;13;13/05/2009 12:40;Strada Urbana;LUNGOMARE AMERIGO VESPUCCI;da specificare;;;;ALTEZZA STABILIMENTO BALNEARE VENEZIA;Tamponamento;Rettilineo;Una carreggiata a doppio senso;Asciutto;Asfaltata;Verticale ed orizzontale;Sereno;Normale;Sufficiente;Ore Diurne;0;0;0;4;;;-1;1;Autovettura privata;In marcia / fermata / arresto;Passeggero;F;Illeso;0;;Non accertato;Inesploso
1800439;13;13/05/2009 12:40;Strada Urbana;LUNGOMARE AMERIGO VESPUCCI;da specificare;;;;ALTEZZA STABILIMENTO BALNEARE VENEZIA;Tamponamento;Rettilineo;Una carreggiata a doppio senso;Asciutto;Asfaltata;Verticale ed orizzontale;Sereno;Normale;Sufficiente;Ore Diurne;0;0;0;4;;;-1;1;Autovettura privata;In marcia / fermata / arresto;Passeggero;F;Illeso;0;;Non accertato;Inesploso
1800439;13;13/05/2009 12:40;Strada Urbana;LUNGOMARE AMERIGO VESPUCCI;da specificare;;;;ALTEZZA STABILIMENTO BALNEARE VENEZIA;Tamponamento;Rettilineo;Una carreggiata a doppio senso;Asciutto;Asfaltata;Verticale ed orizzontale;Sereno;Normale;Sufficiente;Ore Diurne;0;0;0;4;;;-1;2;Autovettura privata;In marcia / fermata / arresto;Conducente;M;Illeso;0;;Non accertato;Inesploso
1800440;13;13/05/2009 15:15;Strada Urbana;VIALE DEI ROMAGNOLI;all'intersezione con;VIA GABRIELE TORREMUZZA;VIA GABRIELE TORREMUZZA;;;Scontro laterale fra veicoli in marcia;Incrocio;Una carreggiata a doppio senso;Asciutto;Asfaltata;Verticale ed orizzontale;Sereno;Normale;Sufficiente;Ore Diurne;1;0;0;1;;;-1;1;Autovettura privata;In marcia / fermata / arresto;Conducente;F;Illeso;0;;Non accertato;Inesploso
1800440;13;13/05/2009 15:15;Strada Urbana;VIALE DEI ROMAGNOLI;all'intersezione con;VIA GABRIELE TORREMUZZA;VIA GABRIELE TORREMUZZA;;;Scontro laterale fra veicoli in marcia;Incrocio;Una carreggiata a doppio senso;Asciutto;Asfaltata;Verticale ed orizzontale;Sereno;Normale;Sufficiente;Ore Diurne;1;0;0;1;;;-1;2;Motociclo a solo;In marcia / fermata / arresto;Conducente;F;Rimandato;0;NON DECEDUTO;Non accertato;Inesistente
1800441;13;13/05/2009 16:55;Strada Urbana;VIA FRANCESCO CILEA;all'intersezione con;VIA MAURICE RAVEL;VIA MAURICE RAVEL;;;Scontro laterale fra veicoli in marcia;Incrocio;Due carreggiate;Asciutto;Asfaltata;Verticale ed orizzontale;Sereno;Normale;Buona;Ore Diurne;0;0;0;3;;;-1;1;Autovettura privata;In marcia / fermata / arresto;Conducente;M;Illeso;0;;Non accertato;Inesploso
1800441;13;13/05/2009 16:55;Strada Urbana;VIA FRANCESCO CILEA;all'intersezione con;VIA MAURICE RAVEL;VIA MAURICE RAVEL;;;Scontro laterale fra veicoli in marcia;Incrocio;Due carreggiate;Asciutto;Asfaltata;Verticale ed orizzontale;Sereno;Normale;Buona;Ore Diurne;0;0;0;3;;;-1;1;Autovettura privata;In marcia / fermata / arresto;Passeggero;F;Illeso;0;;Non accertato;Inesploso
1800441;13;13/05/2009 16:55;Strada Urbana;VIA FRANCESCO CILEA;all'intersezione con;VIA MAURICE RAVEL;VIA MAURICE RAVEL;;;Scontro laterale fra veicoli in marcia;Incrocio;Due carreggiate;Asciutto;Asfaltata;Verticale ed orizzontale;Sereno;Normale;Buona;Ore Diurne;0;0;0;3;;;-1;2;Motociclo a solo;In marcia / fermata / arresto;Conducente;M;Illeso;0;;Non accertato;Inesploso
1800442;13;13/05/2009 18:20;Strada Urbana;CORSO DUCA DI GENOVA;in prossimità;;del civico n. ;5;;Investimento di pedone;Rettilineo;Una carreggiata a doppio senso;Asciutto;Asfaltata;Orizzontale;Sole radente;Intenso;Buona;Ore Diurne;1;1;0;0;;;-1;;;;Pedone;F;Prognosi riservata;0;NON DECEDUTO;;
1800442;13;13/05/2009 18:20;Strada Urbana;CORSO DUCA DI GENOVA;in prossimità;;del civico n. ;5;;Investimento di pedone;Rettilineo;Una carreggiata a doppio senso;Asciutto;Asfaltata;Orizzontale;Sole radente;Intenso;Buona;Ore Diurne;1;1;0;0;;;-1;1;Autovettura privata;In marcia / fermata / arresto;Conducente;M;Rimandato;0;NON DECEDUTO;Non accertato;Inesistente