Protocollo;Gruppo;DataOraIncidente;Localizzazione1;STRADA1;Localizzazione2;STRADA2;Strada02;Chilometrica;DaSpecificare;NaturaIncidente;particolaritastrade;TipoStrada;FondoStradale;Pavimentazione;Segnaletica;CondizioneAtmosferica;Traffico;Visibilita;Illuminazione;NUM_FERITI;NUM_RISERVATA;NUM_MORTI;NUM_ILLESI;Longitudine;Latitudine;Confermato;Progressivo;TipoVeicolo;StatoVeicolo;TipoPersona;Sesso;Tipolesione;Deceduto;DecedutoDopo;CinturaCascoUtilizzato;Airbag
1801299;10;21/05/2009 10:00;Strada Urbana;VIA LICINIO STOLONE;all'intersezione con;VIA PUBLIO VALERIO;VIA PUBLIO VALERIO;;;Scontro laterale fra veicoli in marcia;Incrocio;Una carreggiata a senso unico di marcia;Asciutto;Asfaltata;Verticale ed orizzontale;Sereno;Normale;Sufficiente;Ore Diurne;0;0;0;3;;;-1;2;Autovettura privata;In marcia / fermata / arresto;Conducente;M;Illeso;0;;Non accertato;Inesistente
1801300;10;21/05/2009 12:20;Strada Urbana;VIALE DEI CONSOLI;in prossimità;;del civico n. ;130;;Scontro laterale fra veicoli in marcia;Rettilineo;Due carreggiate;Asciutto;Asfaltata;Verticale ed orizzontale;Sereno;Normale;Buona;Ore Diurne;1;0;0;1;;;-1;1;Motociclo a solo;In marcia / fermata / arresto;Conducente;M;Rimandato;0;NON DECEDUTO;Non accertato;Inesistente
1801300;10;21/05/2009 12:20;Strada Urbana;VIALE DEI CONSOLI;in prossimità;;del civico n. ;130;;Scontro laterale fra veicoli in marcia;Rettilineo;Due carreggiate;Asciutto;Asfaltata;Verticale ed orizzontale;Sereno;Normale;Buona;Ore Diurne;1;0;0;1;;;-1;2;Autovettura privata;In marcia / fermata / arresto;Conducente;M;Illeso;0;;Non accertato;Inesistente
1801301;10;21/05/2009 13:10;Strada Urbana;VIALE ANICIO GALLO;in prossimità;;del civico n. ;93;;Tamponamento;Rettilineo;Una carreggiata a senso unico di marcia;Asciutto;Asfaltata;Assente;Sereno;Scarso;Buona;Ore Diurne;0;0;0;2;;;-1;1;Autovettura privata;In marcia / fermata / arresto;Conducente;M;Illeso;0;;Non accertato;Inesistente
1801301;10;21/05/2009 13:10;Strada Urbana;VIALE ANICIO GALLO;in prossimità;;del civico n. ;93;;Tamponamento;Rettilineo;Una carreggiata a senso unico di marcia;Asciutto;Asfaltata;Assente;Sereno;Scarso;Buona;Ore Diurne;0;0;0;2;;;-1;2;Autovettura privata;In marcia / fermata / arresto;Conducente;F;Illeso;0;;Non accertato;Inesistente
1801302;10;21/05/2009 15:20;Strada Urbana;VIA DEGLI OPIMIANI;all'intersezione con;VIALE OPITA OPPIO;VIALE OPITA OPPIO;;;Investimento di pedone;Incrocio;Una carreggiata a doppio senso;Asciutto;Asfaltata;Verticale ed orizzontale;Sereno;Scarso;Buona;Ore Diurne;1;0;0;1;;;-1;;;;Pedone;M;Rimandato;0;NON DECEDUTO;;
1801302;10;21/05/2009 15:20;Strada Urbana;VIA DEGLI OPIMIANI;all'intersezione con;VIALE OPITA OPPIO;VIALE OPITA OPPIO;;;Investimento di pedone;Incrocio;Una carreggiata a doppio senso;Asciutto;Asfaltata;Verticale ed orizzontale;Sereno;Scarso;Buona;Ore Diurne;1;0;0;1;;;-1;1;Autovettura privata;In marcia / fermata / arresto;Conducente;F;Illeso;0;;Non accertato;Inesistente
1801303;10;21/05/2009 16:00;Strada Urbana;VIA BERNARDINO ALIMENA;in prossimità;;del civico n. ;114;;Scontro laterale fra veicoli in marcia;Rettilineo;Due carreggiate;Asciutto;Asfaltata;Verticale ed orizzontale;Sereno;Normale;Buona;Ore Diurne;0;0;0;3;;;-1;1;Autovettura privata;In marcia / fermata / arresto;Conducente;F;Illeso;0;;Non accertato;Inesploso
1801303;10;21/05/2009 16:00;Strada Urbana;VIA BERNARDINO ALIMENA;in prossimità;;del civico n. ;114;;Scontro laterale fra veicoli in marcia;Rettilineo;Due carreggiate;Asciutto;Asfaltata;Verticale ed orizzontale;Sereno;Normale;Buona;Ore Diurne;0;0;0;3;;;-1;1;Autovettura privata;In marcia / fermata / arresto;Passeggero;M;Illeso;0;;Non accertato;Inesistente
1801303;10;21/05/2009 16:00;Strada Urbana;VIA BERNARDINO ALIMENA;in prossimità;;del civico n. ;114;;Scontro laterale fra veicoli in marcia;Rettilineo;Due carreggiate;Asciutto;Asfaltata;Verticale ed orizzontale;Sereno;Normale;Buona;Ore Diurne;0;0;0;3;;;-1;2;Autovettura privata;In marcia / fermata / arresto;Conducente;M;Illeso;0;;Non accertato;Inesploso
1801304;10;21/05/2009 21:00;Strada Urbana;VIALE PALMIRO TOGLIATTI;all'intersezione semaforizzata con;VIA QUINTO PUBLICIO;VIA QUINTO PUBLICIO;;;Scontro frontale/laterale DX fra veicoli in marcia;Incrocio;Più di due carreggiate;Asciutto;Asfaltata;Verticale ed orizzontale;Sereno;Scarso;Buona;Sufficiente;2;0;0;0;;;-1;1;Autovettura privata;In marcia / fermata / arresto;Conducente;M;Rifiuta cure immediate;0;NON DECEDUTO;Non accertato;Inesistente
1801304;10;21/05/2009 21:00;Strada Urbana;VIALE PALMIRO TOGLIATTI;all'intersezione semaforizzata con;VIA QUINTO PUBLICIO;VIA QUINTO PUBLICIO;;;Scontro frontale/laterale DX fra veicoli in marcia;Incrocio;Più di due carreggiate;Asciutto;Asfaltata;Verticale ed orizzontale;Sereno;Scarso;Buona;Sufficiente;2;0;0;0;;;-1;2;Autovettura privata;In marcia / fermata / arresto;Conducente;M;Rifiuta cure immediate;0;NON DECEDUTO;Non accertato;Inesistente
1801307;12;20/05/2009 05:45;Strada Urbana;VIALE DEI CADUTI PER LA RESISTENZA;all'intersezione con;VIA UMBERTO GRANI;VIA UMBERTO GRANI;;;Tamponamento;Incrocio;Una carreggiata a senso unico di marcia;Asciutto;Asfaltata;Verticale ed orizzontale;Sereno;Scarso;Buona;Ore Diurne;1;0;0;2;;;-1;1;Autocarro inferiore 35 q.;In marcia / fermata / arresto;Conducente;M;Rimandato;0;NON DECEDUTO;Utilizzato;Inesploso
1801307;12;20/05/2009 05:45;Strada Urbana;VIALE DEI CADUTI PER LA RESISTENZA;all'intersezione con;VIA UMBERTO GRANI;VIA UMBERTO GRANI;;;Tamponamento;Incrocio;Una carreggiata a senso unico di marcia;Asciutto;Asfaltata;Verticale ed orizzontale;Sereno;Scarso;Buona;Ore Diurne;1;0;0;2;;;-1;1;Autocarro inferiore 35 q.;In marcia / fermata / arresto;Passeggero;M;Illeso;0;;Utilizzato;Inesploso
1801307;12;20/05/2009 05:45;Strada Urbana;VIALE DEI CADUTI PER LA RESISTENZA;all'intersezione con;VIA UMBERTO GRANI;VIA UMBERTO GRANI;;;Tamponamento;Incrocio;Una carreggiata a senso unico di marcia;Asciutto;Asfaltata;Verticale ed orizzontale;Sereno;Scarso;Buona;Ore Diurne;1;0;0;2;;;-1;2;Autovettura privata;In marcia / fermata / arresto;Conducente;M;Illeso;0;;Utilizzato;Inesploso
1801308;12;20/05/2009 16:40;Strada Urbana;VIALE DEI CADUTI NELLA GUERRA DI LIBERAZIONE;all'intersezione con;VIA DEI MARTIRI DI MARZABOTTO;VIA DEI MARTIRI DI MARZABOTTO;;;Scontro frontale/laterale SX fra veicoli in marcia;Incrocio;Una carreggiata a senso unico di marcia;Asciutto;Asfaltata;Verticale ed orizzontale;Sereno;Scarso;Buona;Ore Diurne;0;0;0;3;;;-1;1;Autocarro inferiore 35 q.;In marcia / fermata / arresto;Conducente;M;Illeso;0;;Utilizzato;Inesistente
1801308;12;20/05/2009 16:40;Strada Urbana;VIALE DEI CADUTI NELLA GUERRA DI LIBERAZIONE;all'intersezione con;VIA DEI MARTIRI DI MARZABOTTO;VIA DEI MARTIRI DI MARZABOTTO;;;Scontro frontale/laterale SX fra veicoli in marcia;Incrocio;Una carreggiata a senso unico di marcia;Asciutto;Asfaltata;Verticale ed orizzontale;Sereno;Scarso;Buona;Ore Diurne;0;0;0;3;;;-1;2;Autovettura privata;In marcia / fermata / arresto;Conducente;F;Illeso;0;;Utilizzato;Inesistente
1801308;12;20/05/2009 16:40;Strada Urbana;VIALE DEI CADUTI NELLA GUERRA DI LIBERAZIONE;all'intersezione con;VIA DEI MARTIRI DI MARZABOTTO;VIA DEI MARTIRI DI MARZABOTTO;;;Scontro frontale/laterale SX fra veicoli in marcia;Incrocio;Una carreggiata a senso unico di marcia;Asciutto;Asfaltata;Verticale ed orizzontale;Sereno;Scarso;Buona;Ore Diurne;0;0;0;3;;;-1;2;Autovettura privata;In marcia / fermata / arresto;Passeggero;F;Illeso;0;;Utilizzato;Inesistente
1801309;12;20/05/2009 19:00;Comunale extraurbana;VIA OSTIENSE;da specificare;;;;altezza km 13.400 direzione Ostia;Tamponamento Multiplo;Rettilineo;Una carreggiata a doppio senso;Asciutto;Asfaltata;Verticale ed orizzontale;Sereno;Intenso;Buona;Ore Diurne;3;0;0;2;;;-1;1;Autovettura privata;In marcia / fermata / arresto;Conducente;M;Illeso;0;;Non accertato;Inesistente
1801309;12;20/05/2009 19:00;Comunale extraurbana;VIA OSTIENSE;da specificare;;;;altezza km 13.400 direzione Ostia;Tamponamento Multiplo;Rettilineo;Una carreggiata a doppio senso;Asciutto;Asfaltata;Verticale ed orizzontale;Sereno;Intenso;Buona;Ore Diurne;3;0;0;2;;;-1;2;Autovettura privata;In marcia / fermata / arresto;Conducente;M;Rimandato;0;NON DECEDUTO;Utilizzato;Inesistente
1801309;12;20/05/2009 19:00;Comunale extraurbana;VIA OSTIENSE;da specificare;;;;altezza km 13.400 direzione Ostia;Tamponamento Multiplo;Rettilineo;Una carreggiata a doppio senso;Asciutto;Asfaltata;Verticale ed orizzontale;Sereno;Intenso;Buona;Ore Diurne;3;0;0;2;;;-1;2;Autovettura privata;In marcia / fermata / arresto;Passeggero;F;Rimandato;0;NON DECEDUTO;Utilizzato;Inesistente
1801309;12;20/05/2009 19:00;Comunale extraurbana;VIA OSTIENSE;da specificare;;;;altezza km 13.400 direzione Ostia;Tamponamento Multiplo;Rettilineo;Una carreggiata a doppio senso;Asciutto;Asfaltata;Verticale ed orizzontale;Sereno;Intenso;Buona;Ore Diurne;3;0;0;2;;;-1;3;Autovettura privata;In marcia / fermata / arresto;Conducente;F;Illeso;0;;Utilizzato;Inesistente
1801309;12;20/05/2009 19:00;Comunale extraurbana;VIA OSTIENSE;da specificare;;;;altezza km 13.400 direzione Ostia;Tamponamento Multiplo;Rettilineo;Una carreggiata a doppio senso;Asciutto;Asfaltata;Verticale ed orizzontale;Sereno;Intenso;Buona;Ore Diurne;3;0;0;2;;;-1;3;Autovettura privata;In marcia / fermata / arresto;Passeggero;F;Rimandato;0;NON DECEDUTO;Utilizzato;Inesistente
1801310;12;21/05/2009 16:20;Provinciale;VIA LAURENTINA;da specificare;;;;direzione Trigoria 500mt prima di Via de Finetti;Scontro laterale fra veicoli in marcia;Curva a visuale libera;Due carreggiate;Asciutto;Asfaltata;Verticale ed orizzontale;Sereno;Normale;Buona;Ore Diurne;0;0;0;2;;;-1;1;Autovettura privata;In marcia / fermata / arresto;Conducente;M;Illeso;0;;Utilizzato;Inesploso
1801310;12;21/05/2009 16:20;Provinciale;VIA LAURENTINA;da specificare;;;;direzione Trigoria 500mt prima di Via de Finetti;Scontro laterale fra veicoli in marcia;Curva a visuale libera;Due carreggiate;Asciutto;Asfaltata;Verticale ed orizzontale;Sereno;Normale;Buona;Ore Diurne;0;0;0;2;;;-1;2;Motociclo a solo;In marcia / fermata / arresto;Conducente;M;Illeso;0;;Utilizzato;Inesistente
1801311;12;21/05/2009 17:30;Strada Urbana;VIALE DELLA CIVILTA' DEL LAVORO;all'intersezione con;VIALE BEETHOVEN;VIALE BEETHOVEN;;;Scontro frontale/laterale SX fra veicoli in marcia;Incrocio;Due carreggiate;Asciutto;Asfaltata;Orizzontale;Sereno;Normale;Buona;Ore Diurne;0;0;0;3;;;-1;1;Autovettura privata;In marcia / fermata / arresto;Conducente;F;Illeso;0;;Utilizzato;Inesploso
1801311;12;21/05/2009 17:30;Strada Urbana;VIALE DELLA CIVILTA' DEL LAVORO;all'intersezione con;VIALE BEETHOVEN;VIALE BEETHOVEN;;;Scontro frontale/laterale SX fra veicoli in marcia;Incrocio;Due carreggiate;Asciutto;Asfaltata;Orizzontale;Sereno;Normale;Buona;Ore Diurne;0;0;0;3;;;-1;2;Autocarro inferiore 35 q.;In marcia / fermata / arresto;Conducente;M;Illeso;0;;Utilizzato;Inesploso
1801311;12;21/05/2009 17:30;Strada Urbana;VIALE DELLA CIVILTA' DEL LAVORO;all'intersezione con;VIALE BEETHOVEN;VIALE BEETHOVEN;;;Scontro frontale/laterale SX fra veicoli in marcia;Incrocio;Due carreggiate;Asciutto;Asfaltata;Orizzontale;Sereno;Normale;Buona;Ore Diurne;0;0;0;3;;;-1;2;Autocarro inferiore 35 q.;In marcia / fermata / arresto;Passeggero;M;Illeso;0;;Utilizzato;Inesistente
1801312;12;21/05/2009 18:00;Strada Urbana;VIA DI DECIMA;all'intersezione semaforizzata con;VIALE CAMILLO SABATINI;VIALE CAMILLO SABATINI;;;Investimento di pedone;Intersezione semaforizzata;Una carreggiata a doppio senso;Asciutto;Asfaltata;Verticale ed orizzontale;Sereno;Normale;Buona;Ore Diurne;1;0;0;1;;;-1;;;;Pedone;F;Rimandato;0;NON DECEDUTO;;
1801312;12;21/05/2009 18:00;Strada Urbana;VIA DI DECIMA;all'intersezione semaforizzata con;VIALE CAMILLO SABATINI;VIALE CAMILLO SABATINI;;;Investimento di pedone;Intersezione semaforizzata;Una carreggiata a doppio senso;Asciutto;Asfaltata;Verticale ed orizzontale;Sereno;Normale;Buona;Ore Diurne;1;0;0;1;;;-1;1;Autovettura privata;In marcia / fermata / arresto;Conducente;M;Illeso;0;;Utilizzato;Inesploso
1801313;12;21/05/2009 18:15;Strada Urbana;VIA LAURENTINA;all'intersezione con;VIA DEGLI ARTIFICIERI;VIA DEGLI ARTIFICIERI;;;Tamponamento;Incrocio;Due carreggiate;Asciutto;Asfaltata;Verticale ed orizzontale;Sereno;Intenso;Sufficiente;Ore Diurne;0;0;0;2;;;-1;1;Autovettura privata;In marcia / fermata / arresto;Conducente;M;Illeso;0;;Utilizzato;Inesistente
1801313;12;21/05/2009 18:15;Strada Urbana;VIA LAURENTINA;all'intersezione con;VIA DEGLI ARTIFICIERI;VIA DEGLI ARTIFICIERI;;;Tamponamento;Incrocio;Due carreggiate;Asciutto;Asfaltata;Verticale ed orizzontale;Sereno;Intenso;Sufficiente;Ore Diurne;0;0;0;2;;;-1;2;Motociclo a solo;In marcia / fermata / arresto;Conducente;M;Illeso;0;;Utilizzato;Inesistente
1801315;13;06/05/2009 15:00;Strada Urbana;VIA GIUSEPPE FIORELLI;da specificare;;;;tratto tra via A. Banduri e via Caronni;Veicolo in marcia contro ostacolo accidentale;Rettilineo;Una carreggiata a doppio senso;Asciutto;Asfaltata;Assente;Sereno;Normale;Buona;Ore Diurne;0;0;0;1;;;-1;1;Autovettura privata;In marcia / fermata / arresto;Conducente;F;Illeso;0;;Non accertato;Inesploso
1801316;13;21/05/2009 10:10;Strada Urbana;VIA ELIA FACCHINI;all'intersezione con;VIA PADRE CORSI;VIA PADRE CORSI;;;Scontro frontale/laterale SX fra veicoli in marcia;Incrocio;Una carreggiata a doppio senso;Asciutto;Asfaltata;Assente;Sereno;Scarso;Buona;Ore Diurne;1;0;0;2;;;-1;1;Ciclomotore;In marcia / fermata / arresto;Conducente;F;Rimandato;0;NON DECEDUTO;Non accertato;Inesistente
1801316;13;21/05/2009 10:10;Strada Urbana;VIA ELIA FACCHINI;all'intersezione con;VIA PADRE CORSI;VIA PADRE CORSI;;;Scontro frontale/laterale SX fra veicoli in marcia;Incrocio;Una carreggiata a doppio senso;Asciutto;Asfaltata;Assente;Sereno;Scarso;Buona;Ore Diurne;1;0;0;2;;;-1;2;Autovettura privata;In marcia / fermata / arresto;Conducente;M;Illeso;0;;Non accertato;Inesploso
1801316;13;21/05/2009 10:10;Strada Urbana;VIA ELIA FACCHINI;all'intersezione con;VIA PADRE CORSI;VIA PADRE CORSI;;;Scontro frontale/laterale SX fra veicoli in marcia;Incrocio;Una carreggiata a doppio senso;Asciutto;Asfaltata;Assente;Sereno;Scarso;Buona;Ore Diurne;1;0;0;2;;;-1;2;Autovettura privata;In marcia / fermata / arresto;Passeggero;F;Illeso;0;;Non accertato;Inesploso
1801317;13;21/05/2009 12:30;Strada Urbana;VIA DELLA VERBENA;all'intersezione con;VIA GIOVANNI LEONARDI;VIA GIOVANNI LEONARDI;;;Scontro frontale/laterale DX fra veicoli in marcia;Intersezione stradale segnalata;Una carreggiata a senso unico di marcia;Asciutto;Asfaltata;Verticale;Sereno;Scarso;Buona;Sufficiente;1;0;0;1;;;-1;1;Autovettura privata;In marcia / fermata / arresto;Conducente;M;Illeso;0;;Non accertato;Inesistente
1801317;13;21/05/2009 12:30;Strada Urbana;VIA DELLA VERBENA;all'intersezione con;VIA GIOVANNI LEONARDI;VIA GIOVANNI LEONARDI;;;Scontro frontale/laterale DX fra veicoli in marcia;Intersezione stradale segnalata;Una carreggiata a senso unico di marcia;Asciutto;Asfaltata;Verticale;Sereno;Scarso;Buona;Sufficiente;1;0;0;1;;;-1;2;Motociclo a solo;In marcia / fermata / arresto;Conducente;M;Rimandato;0;NON DECEDUTO;Non accertato;Inesistente
1801318;13;21/05/2009 12:40;Strada Urbana;VIA DI MACCHIA SAPONARA;da specificare;;;;altezza Via A di Mileto;Tamponamento Multiplo;Rettilineo;Una carreggiata a doppio senso;Asciutto;Asfaltata;Orizzontale;Sereno;Normale;Buona;Ore Diurne;2;0;0;2;;;-1;1;Autovettura privata;In marcia / fermata / arresto;Conducente;M;Illeso;0;;Non accertato;Inesistente
1801318;13;21/05/2009 12:40;Strada Urbana;VIA DI MACCHIA SAPONARA;da specificare;;;;altezza Via A di Mileto;Tamponamento Multiplo;Rettilineo;Una carreggiata a doppio senso;Asciutto;Asfaltata;Orizzontale;Sereno;Normale;Buona;Ore Diurne;2;0;0;2;;;-1;2;Autovettura privata;In marcia / fermata / arresto;Conducente;M;Rimandato;0;NON DECEDUTO;Non accertato;Inesistente
1801318;13;21/05/2009 12:40;Strada Urbana;VIA DI MACCHIA SAPONARA;da specificare;;;;altezza Via A di Mileto;Tamponamento Multiplo;Rettilineo;Una carreggiata a doppio senso;Asciutto;Asfaltata;Orizzontale;Sereno;Normale;Buona;Ore Diurne;2;0;0;2;;;-1;2;Autovettura privata;In marcia / fermata / arresto;Passeggero;F;Rimandato;0;NON DECEDUTO;Non accertato;Inesistente
1801318;13;21/05/2009 12:40;Strada Urbana;VIA DI MACCHIA SAPONARA;da specificare;;;;altezza Via A di Mileto;Tamponamento Multiplo;Rettilineo;Una carreggiata a doppio senso;Asciutto;Asfaltata;Orizzontale;Sereno;Normale;Buona;Ore Diurne;2;0;0;2;;;-1;3;Autovettura privata;In marcia / fermata / arresto;Conducente;M;Illeso;0;;Non utilizzato;Inesistente
1801319;13;21/05/2009 12:45;Strada Urbana;VIA GIAN FRANCESCO MALIPIERO;da specificare;;;;pross. via E.W: Ferrari;Tamponamento;Rettilineo;Una carreggiata a doppio senso;Asciutto;Asfaltata;Verticale ed orizzontale;Sereno;Normale;Buona;Ore Diurne;1;0;0;1;;;-1;1;Motociclo a solo;In marcia / fermata / arresto;Conducente;M;Illeso;0;;Non accertato;Inesistente
1801319;13;21/05/2009 12:45;Strada Urbana;VIA GIAN FRANCESCO MALIPIERO;da specificare;;;;pross. via E.W: Ferrari;Tamponamento;Rettilineo;Una carreggiata a doppio senso;Asciutto;Asfaltata;Verticale ed orizzontale;Sereno;Normale;Buona;Ore Diurne;1;0;0;1;;;-1;2;Motociclo a solo;In marcia / fermata / arresto;Conducente;M;Rimandato;0;NON DECEDUTO;Non accertato;Inesistente
1801320;13;21/05/2009 20:00;Strada Urbana;VIA COSTANZO CASANA;all'intersezione con;VIA CARLO BOSIO;VIA CARLO BOSIO;;;Scontro frontale/laterale SX fra veicoli in marcia;Incrocio;Una carreggiata a doppio senso;Asciutto;Asfaltata;Orizzontale;Sereno;Normale;Buona;Ore Diurne;1;0;0;2;;;-1;1;Autovettura privata;In marcia / fermata / arresto;Conducente;M;Illeso;0;;Non accertato;Inesploso
1801320;13;21/05/2009 20:00;Strada Urbana;VIA COSTANZO CASANA;all'intersezione con;VIA CARLO BOSIO;VIA CARLO BOSIO;;;Scontro frontale/laterale SX fra veicoli in marcia;Incrocio;Una carreggiata a doppio senso;Asciutto;Asfaltata;Orizzontale;Sereno;Normale;Buona;Ore Diurne;1;0;0;2;;;-1;2;Autovettura privata;In marcia / fermata / arresto;Conducente;M;Illeso;0;;Non accertato;Inesploso
1801320;13;21/05/2009 20:00;Strada Urbana;VIA COSTANZO CASANA;all'intersezione con;VIA CARLO BOSIO;VIA CARLO BOSIO;;;Scontro frontale/laterale SX fra veicoli in marcia;Incrocio;Una carreggiata a doppio senso;Asciutto;Asfaltata;Orizzontale;Sereno;Normale;Buona;Ore Diurne;1;0;0;2;;;-1;3;Autovettura privata;In marcia / fermata / arresto;Conducente;F;Rimandato;0;NON DECEDUTO;Non accertato;Inesploso
1801321;13;22/05/2009 00:40;Strada Urbana;VIA DEI PESCATORI;da specificare;;;;tratto tra Canale della Lingua e Castel Fusano;Veicolo in marcia contro ostacolo accidentale;Rettilineo;Una carreggiata a senso unico di marcia;Asciutto;Asfaltata;Verticale ed orizzontale;Sereno;Scarso;Buona;Inesistente;0;0;0;1;;;-1;1;Autovettura privata;In marcia / fermata / arresto;Conducente;M;Illeso;0;;Non accertato;Inesploso
1801322;13;22/05/2009 02:15;Strada Urbana;PIAZZA TOLOSETTO FARINATI DEGLI UBERTI;all'intersezione con;VIA DELLE FIAMME GIALLE;VIA DELLE FIAMME GIALLE;;;Scontro frontale/laterale DX fra veicoli in marcia;Incrocio;Due carreggiate;Asciutto;Asfaltata;Verticale ed orizzontale;Sereno;Scarso;Sufficiente;Sufficiente;2;0;0;3;;;-1;1;Autovettura privata;In marcia / fermata / arresto;Conducente;M;Illeso;0;;Non accertato;Inesistente
1801322;13;22/05/2009 02:15;Strada Urbana;PIAZZA TOLOSETTO FARINATI DEGLI UBERTI;all'intersezione con;VIA DELLE FIAMME GIALLE;VIA DELLE FIAMME GIALLE;;;Scontro frontale/laterale DX fra veicoli in marcia;Incrocio;Due carreggiate;Asciutto;Asfaltata;Verticale ed orizzontale;Sereno;Scarso;Sufficiente;Sufficiente;2;0;0;3;;;-1;2;Autovettura privata;In marcia / fermata / arresto;Conducente;M;Rimandato;0;NON DECEDUTO;Non accertato;Inesistente
1801322;13;22/05/2009 02:15;Strada Urbana;PIAZZA TOLOSETTO FARINATI DEGLI UBERTI;all'intersezione con;VIA DELLE FIAMME GIALLE;VIA DELLE FIAMME GIALLE;;;Scontro frontale/laterale DX fra veicoli in marcia;Incrocio;Due carreggiate;Asciutto;Asfaltata;Verticale ed orizzontale;Sereno;Scarso;Sufficiente;Sufficiente;2;0;0;3;;;-1;2;Autovettura privata;In marcia / fermata / arresto;Passeggero;F;Illeso;0;;Non accertato;Inesistente
1801322;13;22/05/2009 02:15;Strada Urbana;PIAZZA TOLOSETTO FARINATI DEGLI UBERTI;all'intersezione con;VIA DELLE FIAMME GIALLE;VIA DELLE FIAMME GIALLE;;;Scontro frontale/laterale DX fra veicoli in marcia;Incrocio;Due carreggiate;Asciutto;Asfaltata;Verticale ed orizzontale;Sereno;Scarso;Sufficiente;Sufficiente;2;0;0;3;;;-1;2;Autovettura privata;In marcia / fermata / arresto;Passeggero;M;Rimandato;0;NON DECEDUTO;Non accertato;Inesistente
1801323;15;21/05/2009 07:35;Strada Urbana;VIA ODERISI DA GUBBIO;all'intersezione con;VIA DI VIGNA CORSETTI;VIA DI VIGNA CORSETTI;;;Veicolo in marcia contro veicolo in sosta;Incrocio;Una carreggiata a doppio senso;Asciutto;Asfaltata;Verticale;Sereno;Intenso;Buona;Ore Diurne;0;0;0;2;;;-1;1;Autocarro superiore 35 q.;In marcia / fermata / arresto;Conducente;M;Illeso;0;;Utilizzato;Inesistente
1801323;15;21/05/2009 07:35;Strada Urbana;VIA ODERISI DA GUBBIO;all'intersezione con;VIA DI VIGNA CORSETTI;VIA DI VIGNA CORSETTI;;;Veicolo in marcia contro veicolo in sosta;Incrocio;Una carreggiata a doppio senso;Asciutto;Asfaltata;Verticale;Sereno;Intenso;Buona;Ore Diurne;0;0;0;2;;;-1;1;Autocarro superiore 35 q.;In marcia / fermata / arresto;Passeggero;M;Illeso;0;;Utilizzato;Inesistente
1801324;15;21/05/2009 08:00;Strada Urbana;VIA DELLA CASETTA MATTEI;in corrispondenza;;del civico n. ;202;;Investimento di pedone;Rettilineo;Una carreggiata a doppio senso;Asciutto;Asfaltata;Orizzontale;Sereno;Intenso;Buona;Ore Diurne;2;0;0;1;;;-1;;;;Pedone;F;Rimandato;0;NON DECEDUTO;;
1801324;15;21/05/2009 08:00;Strada Urbana;VIA DELLA CASETTA MATTEI;in corrispondenza;;del civico n. ;202;;Investimento di pedone;Rettilineo;Una carreggiata a doppio senso;Asciutto;Asfaltata;Orizzontale;Sereno;Intenso;Buona;Ore Diurne;2;0;0;1;;;-1;;;;Pedone;M;Rimandato;0;NON DECEDUTO;;
1801324;15;21/05/2009 08:00;Strada Urbana;VIA DELLA CASETTA MATTEI;in corrispondenza;;del civico n. ;202;;Investimento di pedone;Rettilineo;Una carreggiata a doppio senso;Asciutto;Asfaltata;Orizzontale;Sereno;Intenso;Buona;Ore Diurne;2;0;0;1;;;-1;1;Motociclo a solo;In marcia / fermata / arresto;Conducente;F;Illeso;0;;Utilizzato;Inesistente
1801325;15;21/05/2009 09:00;Strada Urbana;VIA DELLA CASETTA MATTEI;in corrispondenza;;del civico n. ;202;;Investimento di pedone;Rettilineo;Una carreggiata a doppio senso;Asciutto;Lastricata;Orizzontale;Sereno;Intenso;Buona;Ore Diurne;1;0;0;1;;;-1;;;;Pedone;F;Rimandato;0;NON DECEDUTO;;
1801325;15;21/05/2009 09:00;Strada Urbana;VIA DELLA CASETTA MATTEI;in corrispondenza;;del civico n. ;202;;Investimento di pedone;Rettilineo;Una carreggiata a doppio senso;Asciutto;Lastricata;Orizzontale;Sereno;Intenso;Buona;Ore Diurne;1;0;0;1;;;-1;1;Motociclo a solo;In marcia / fermata / arresto;Conducente;M;Illeso;0;;Utilizzato;Inesistente
1801326;15;21/05/2009 11:45;Strada Urbana;VIA DELLA MAGLIANA;in corrispondenza;;del civico n. ;277;;Scontro laterale fra veicoli in marcia;Rettilineo;Una carreggiata a doppio senso;Asciutto;Asfaltata;Orizzontale;Sereno;Intenso;Buona;Ore Diurne;0;0;0;2;;;-1;1;Autocarro superiore 35 q.;In marcia / fermata / arresto;Conducente;M;Illeso;0;;Utilizzato;Inesistente
1801326;15;21/05/2009 11:45;Strada Urbana;VIA DELLA MAGLIANA;in corrispondenza;;del civico n. ;277;;Scontro laterale fra veicoli in marcia;Rettilineo;Una carreggiata a doppio senso;Asciutto;Asfaltata;Orizzontale;Sereno;Intenso;Buona;Ore Diurne;0;0;0;2;;;-1;2;Autovettura privata;In marcia / fermata / arresto;Conducente;F;Illeso;0;;Utilizzato;Inesistente
1801327;15;21/05/2009 13:50;Strada Urbana;VIA ALBERESE;all'intersezione con;VIA DELL'IMBRECCIATO;VIA DELL'IMBRECCIATO;;;Scontro frontale/laterale SX fra veicoli in marcia;Intersezione stradale segnalata;Una carreggiata a doppio senso;Asciutto;Asfaltata;Verticale ed orizzontale;Sereno;Normale;Buona;Ore Diurne;1;0;0;1;;;-1;1;Autovettura privata;In marcia / fermata / arresto;Conducente;M;Rimandato;0;NON DECEDUTO;Utilizzato;Inesistente
1801327;15;21/05/2009 13:50;Strada Urbana;VIA ALBERESE;all'intersezione con;VIA DELL'IMBRECCIATO;VIA DELL'IMBRECCIATO;;;Scontro frontale/laterale SX fra veicoli in marcia;Intersezione stradale segnalata;Una carreggiata a doppio senso;Asciutto;Asfaltata;Verticale ed orizzontale;Sereno;Normale;Buona;Ore Diurne;1;0;0;1;;;-1;2;Autoveicolo trasp.promisc.;In marcia / fermata / arresto;Conducente;M;Illeso;0;;Utilizzato;Inesistente