Protocollo;Gruppo;DataOraIncidente;Localizzazione1;STRADA1;Localizzazione2;STRADA2;Strada02;Chilometrica;DaSpecificare;NaturaIncidente;particolaritastrade;TipoStrada;FondoStradale;Pavimentazione;Segnaletica;CondizioneAtmosferica;Traffico;Visibilita;Illuminazione;NUM_FERITI;NUM_RISERVATA;NUM_MORTI;NUM_ILLESI;Longitudine;Latitudine;Confermato;Progressivo;TipoVeicolo;StatoVeicolo;TipoPersona;Sesso;Tipolesione;Deceduto;DecedutoDopo;CinturaCascoUtilizzato;Airbag
1806303;16;11/05/2009 07:30;Strada Urbana;VIA AURELIA ANTICA;in prossimità;;del civico n. ;443;;Infortunio per caduta del veicolo;Rettilineo;Una carreggiata a doppio senso;Asciutto;Asfaltata;Assente;Sereno;Intenso;Buona;Ore Diurne;1;0;0;2;;;-1;1;Autovettura privata;In marcia / fermata / arresto;Conducente;M;Illeso;0;;Non accertato;Inesploso
1806303;16;11/05/2009 07:30;Strada Urbana;VIA AURELIA ANTICA;in prossimità;;del civico n. ;443;;Infortunio per caduta del veicolo;Rettilineo;Una carreggiata a doppio senso;Asciutto;Asfaltata;Assente;Sereno;Intenso;Buona;Ore Diurne;1;0;0;2;;;-1;1;Autovettura privata;In marcia / fermata / arresto;Passeggero;F;Illeso;0;;Non accertato;Inesploso
1806303;16;11/05/2009 07:30;Strada Urbana;VIA AURELIA ANTICA;in prossimità;;del civico n. ;443;;Infortunio per caduta del veicolo;Rettilineo;Una carreggiata a doppio senso;Asciutto;Asfaltata;Assente;Sereno;Intenso;Buona;Ore Diurne;1;0;0;2;;;-1;2;Motociclo a solo;In marcia / fermata / arresto;Conducente;M;Rimandato;0;NON DECEDUTO;Non accertato;Inesistente
1806304;16;11/05/2009 09:30;Strada Urbana;PIAZZALE EUGENIO MORELLI;all'intersezione con;VIALE DEI COLLI PORTUENSI;VIALE DEI COLLI PORTUENSI;;;Scontro laterale fra veicoli in marcia;Incrocio;Due carreggiate;Asciutto;Asfaltata;Verticale;Sereno;Normale;Buona;Ore Diurne;1;0;0;1;;;-1;1;Motociclo a solo;In marcia / fermata / arresto;Conducente;M;Illeso;0;;Non accertato;Inesistente
1806304;16;11/05/2009 09:30;Strada Urbana;PIAZZALE EUGENIO MORELLI;all'intersezione con;VIALE DEI COLLI PORTUENSI;VIALE DEI COLLI PORTUENSI;;;Scontro laterale fra veicoli in marcia;Incrocio;Due carreggiate;Asciutto;Asfaltata;Verticale;Sereno;Normale;Buona;Ore Diurne;1;0;0;1;;;-1;2;Ciclomotore;In marcia / fermata / arresto;Conducente;F;Rimandato;0;NON DECEDUTO;Non accertato;Inesistente
1806305;16;13/05/2009 08:15;Strada Urbana;VIA DI DONNA OLIMPIA;all'intersezione con;VIA FONTEIANA;VIA FONTEIANA;;;Scontro frontale/laterale SX fra veicoli in marcia;Intersezione non regolata/non segnalata;Una carreggiata a doppio senso;Asciutto;Asfaltata;Orizzontale;Sereno;Intenso;Buona;Ore Diurne;1;0;0;1;;;-1;1;Motociclo a solo;In marcia / fermata / arresto;Conducente;M;Illeso;0;;Non accertato;Inesistente
1806305;16;13/05/2009 08:15;Strada Urbana;VIA DI DONNA OLIMPIA;all'intersezione con;VIA FONTEIANA;VIA FONTEIANA;;;Scontro frontale/laterale SX fra veicoli in marcia;Intersezione non regolata/non segnalata;Una carreggiata a doppio senso;Asciutto;Asfaltata;Orizzontale;Sereno;Intenso;Buona;Ore Diurne;1;0;0;1;;;-1;2;Ciclomotore;In marcia / fermata / arresto;Conducente;F;Rimandato;0;NON DECEDUTO;Non accertato;Inesistente
1806306;16;23/05/2009 07:00;Strada Urbana;VIALE DEI QUATTRO VENTI;all'intersezione con;VIA ENRICO GUASTALLA;VIA ENRICO GUASTALLA;;;Scontro frontale/laterale DX fra veicoli in marcia;Intersezione stradale segnalata;Una carreggiata a doppio senso;Asciutto;Asfaltata;Verticale ed orizzontale;Sereno;Normale;Buona;Ore Diurne;1;0;0;1;;;-1;1;Autovettura privata;In marcia / fermata / arresto;Conducente;M;Rimandato;0;NON DECEDUTO;Non accertato;Inesistente
1806306;16;23/05/2009 07:00;Strada Urbana;VIALE DEI QUATTRO VENTI;all'intersezione con;VIA ENRICO GUASTALLA;VIA ENRICO GUASTALLA;;;Scontro frontale/laterale DX fra veicoli in marcia;Intersezione stradale segnalata;Una carreggiata a doppio senso;Asciutto;Asfaltata;Verticale ed orizzontale;Sereno;Normale;Buona;Ore Diurne;1;0;0;1;;;-1;2;Autovettura privata;In marcia / fermata / arresto;Conducente;M;Illeso;0;;Non accertato;Inesistente
1806308;16;19/05/2009 15:40;Strada Urbana;VIA DEL CASALE LUMBROSO;all'intersezione con;VIA FRANCESCO AQUILANTI;VIA FRANCESCO AQUILANTI;;;Scontro laterale fra veicoli in marcia;Incrocio;Una carreggiata a doppio senso;Asciutto;Asfaltata;Verticale;Sereno;Normale;Buona;Ore Diurne;1;0;0;1;;;-1;1;Autobus urbano;In marcia / fermata / arresto;Conducente;M;Illeso;0;;Non accertato;Inesistente
1806308;16;19/05/2009 15:40;Strada Urbana;VIA DEL CASALE LUMBROSO;all'intersezione con;VIA FRANCESCO AQUILANTI;VIA FRANCESCO AQUILANTI;;;Scontro laterale fra veicoli in marcia;Incrocio;Una carreggiata a doppio senso;Asciutto;Asfaltata;Verticale;Sereno;Normale;Buona;Ore Diurne;1;0;0;1;;;-1;2;Motociclo a solo;In marcia / fermata / arresto;Conducente;M;Ricoverato;0;NON DECEDUTO;Non accertato;Inesistente
1806541;16;11/05/2009 15:15;Strada Urbana;VIALE DI TRASTEVERE;in corrispondenza;;del civico n. ;240;;Veicolo in marcia contro ostacolo accidentale;Rettilineo;Più di due carreggiate;Asciutto;Asfaltata;Verticale ed orizzontale;Sereno;Normale;Buona;Ore Diurne;1;0;0;0;;;-1;1;Motociclo a solo;In marcia / fermata / arresto;Conducente;M;Rimandato;0;NON DECEDUTO;Non accertato;Inesistente
1806710;5;13/05/2009 15:15;Strada Urbana;VIA DEL CASALE DI S. BASILIO;in prossimità;;del civico n. ;289;;Tamponamento;Rettilineo;Una carreggiata a doppio senso;Asciutto;Asfaltata;Verticale ed orizzontale;Sereno;Normale;Buona;Ore Diurne;1;0;0;1;;;-1;1;Autovettura privata;In marcia / fermata / arresto;Conducente;M;Illeso;0;;Non accertato;Inesistente
1806710;5;13/05/2009 15:15;Strada Urbana;VIA DEL CASALE DI S. BASILIO;in prossimità;;del civico n. ;289;;Tamponamento;Rettilineo;Una carreggiata a doppio senso;Asciutto;Asfaltata;Verticale ed orizzontale;Sereno;Normale;Buona;Ore Diurne;1;0;0;1;;;-1;2;Ciclomotore;In marcia / fermata / arresto;Conducente;M;Rimandato;0;NON DECEDUTO;Non accertato;Inesistente
1806711;5;15/05/2009 13:20;Autostrada;VIALE DELLA SERENISSIMA;da specificare;;;;rampa accesso a24 per via serenissima;Tamponamento;Rettilineo;Una carreggiata a senso unico di marcia;Asciutto;Asfaltata;Verticale ed orizzontale;Nuvoloso;Normale;Buona;Ore Diurne;1;0;0;2;;;-1;1;Autovettura privata;In marcia / fermata / arresto;Conducente;M;Illeso;0;;Non accertato;Inesistente
1806711;5;15/05/2009 13:20;Autostrada;VIALE DELLA SERENISSIMA;da specificare;;;;rampa accesso a24 per via serenissima;Tamponamento;Rettilineo;Una carreggiata a senso unico di marcia;Asciutto;Asfaltata;Verticale ed orizzontale;Nuvoloso;Normale;Buona;Ore Diurne;1;0;0;2;;;-1;2;Autovettura privata;In marcia / fermata / arresto;Conducente;F;Illeso;0;;Non accertato;Inesistente
1806711;5;15/05/2009 13:20;Autostrada;VIALE DELLA SERENISSIMA;da specificare;;;;rampa accesso a24 per via serenissima;Tamponamento;Rettilineo;Una carreggiata a senso unico di marcia;Asciutto;Asfaltata;Verticale ed orizzontale;Nuvoloso;Normale;Buona;Ore Diurne;1;0;0;2;;;-1;2;Autovettura privata;In marcia / fermata / arresto;Passeggero;M;Rimandato;0;NON DECEDUTO;Non accertato;Inesistente
1806712;5;23/05/2009 16:31;Strada Urbana;VIA ALFONSO TORELLI;in prossimità;;del civico n. ;60;;Scontro laterale fra veicoli in marcia;Rettilineo;Una carreggiata a doppio senso;Asciutto;Asfaltata;Orizzontale;Sereno;Scarso;Buona;Ore Diurne;1;0;0;1;;;-1;1;Motociclo a solo;In marcia / fermata / arresto;Conducente;M;Rifiuta cure immediate;0;NON DECEDUTO;Non accertato;Inesistente
1806712;5;23/05/2009 16:31;Strada Urbana;VIA ALFONSO TORELLI;in prossimità;;del civico n. ;60;;Scontro laterale fra veicoli in marcia;Rettilineo;Una carreggiata a doppio senso;Asciutto;Asfaltata;Orizzontale;Sereno;Scarso;Buona;Ore Diurne;1;0;0;1;;;-1;2;Autovettura privata;In marcia / fermata / arresto;Conducente;M;Illeso;0;;Non accertato;Inesistente
1806713;5;26/05/2009 10:40;Strada Urbana;VIA TIBURTINA;in prossimità;;del civico n. ;653/A;;Scontro laterale fra veicoli in marcia;Rettilineo;Due carreggiate;Asciutto;Asfaltata;Verticale;Sereno;Normale;Buona;Ore Diurne;2;0;0;1;;;-1;1;Autovettura privata;In marcia / fermata / arresto;Conducente;F;Illeso;0;;Non accertato;Inesistente
1806713;5;26/05/2009 10:40;Strada Urbana;VIA TIBURTINA;in prossimità;;del civico n. ;653/A;;Scontro laterale fra veicoli in marcia;Rettilineo;Due carreggiate;Asciutto;Asfaltata;Verticale;Sereno;Normale;Buona;Ore Diurne;2;0;0;1;;;-1;2;Motociclo con passeggero;In marcia / fermata / arresto;Conducente;M;Rimandato;0;NON DECEDUTO;Non accertato;Inesistente
1806713;5;26/05/2009 10:40;Strada Urbana;VIA TIBURTINA;in prossimità;;del civico n. ;653/A;;Scontro laterale fra veicoli in marcia;Rettilineo;Due carreggiate;Asciutto;Asfaltata;Verticale;Sereno;Normale;Buona;Ore Diurne;2;0;0;1;;;-1;2;Motociclo con passeggero;In marcia / fermata / arresto;Passeggero;F;Rimandato;0;NON DECEDUTO;Non accertato;Inesistente
1806817;5;24/05/2009 19:15;Strada Urbana;VIA DEL CASALE DI S. BASILIO;all'intersezione con;VIA CASTELRAIMONDO;VIA CASTELRAIMONDO;;;Scontro laterale fra veicoli in marcia;Incrocio;Una carreggiata a doppio senso;Asciutto;Asfaltata;Verticale ed orizzontale;Sereno;Normale;Buona;Ore Diurne;1;0;0;1;;;-1;1;Ciclomotore;In marcia / fermata / arresto;Conducente;M;Rimandato;0;NON DECEDUTO;Non accertato;Inesistente
1806817;5;24/05/2009 19:15;Strada Urbana;VIA DEL CASALE DI S. BASILIO;all'intersezione con;VIA CASTELRAIMONDO;VIA CASTELRAIMONDO;;;Scontro laterale fra veicoli in marcia;Incrocio;Una carreggiata a doppio senso;Asciutto;Asfaltata;Verticale ed orizzontale;Sereno;Normale;Buona;Ore Diurne;1;0;0;1;;;-1;2;Autovettura privata;In marcia / fermata / arresto;Conducente;F;Illeso;0;;Non accertato;Inesistente
1806818;5;29/05/2009 17:00;Comunale extraurbana;VIA CORCOLLE;all'intersezione con;VIA CERCHIARA;VIA CERCHIARA;;;Scontro frontale/laterale SX fra veicoli in marcia;Incrocio;Una carreggiata a doppio senso;Asciutto;Asfaltata;Verticale;Sereno;Normale;Buona;Ore Diurne;2;0;0;2;;;-1;1;Autovettura privata;In marcia / fermata / arresto;Conducente;M;Illeso;0;;Non accertato;Inesistente
1806818;5;29/05/2009 17:00;Comunale extraurbana;VIA CORCOLLE;all'intersezione con;VIA CERCHIARA;VIA CERCHIARA;;;Scontro frontale/laterale SX fra veicoli in marcia;Incrocio;Una carreggiata a doppio senso;Asciutto;Asfaltata;Verticale;Sereno;Normale;Buona;Ore Diurne;2;0;0;2;;;-1;1;Autovettura privata;In marcia / fermata / arresto;Passeggero;F;Rimandato;0;NON DECEDUTO;Non accertato;Inesistente
1806818;5;29/05/2009 17:00;Comunale extraurbana;VIA CORCOLLE;all'intersezione con;VIA CERCHIARA;VIA CERCHIARA;;;Scontro frontale/laterale SX fra veicoli in marcia;Incrocio;Una carreggiata a doppio senso;Asciutto;Asfaltata;Verticale;Sereno;Normale;Buona;Ore Diurne;2;0;0;2;;;-1;1;Autovettura privata;In marcia / fermata / arresto;Passeggero;F;Rimandato;0;NON DECEDUTO;Non accertato;Inesistente
1806818;5;29/05/2009 17:00;Comunale extraurbana;VIA CORCOLLE;all'intersezione con;VIA CERCHIARA;VIA CERCHIARA;;;Scontro frontale/laterale SX fra veicoli in marcia;Incrocio;Una carreggiata a doppio senso;Asciutto;Asfaltata;Verticale;Sereno;Normale;Buona;Ore Diurne;2;0;0;2;;;-1;2;Autovettura privata;In marcia / fermata / arresto;Conducente;M;Illeso;0;;Non accertato;Inesistente
1806912;16;16/05/2009 10:00;Strada Urbana;VIA SILVESTRI;all'intersezione semaforizzata con;VIA DEL FORTE BRAVETTA;VIA DEL FORTE BRAVETTA;;;Scontro frontale/laterale SX fra veicoli in marcia;Intersezione semaforizzata;Una carreggiata a doppio senso;Asciutto;Asfaltata;Verticale ed orizzontale;Nuvoloso;Normale;Buona;Ore Diurne;1;0;0;3;;;-1;1;Autovettura privata;In marcia / fermata / arresto;Conducente;F;Rimandato;0;NON DECEDUTO;Non accertato;Inesistente
1806912;16;16/05/2009 10:00;Strada Urbana;VIA SILVESTRI;all'intersezione semaforizzata con;VIA DEL FORTE BRAVETTA;VIA DEL FORTE BRAVETTA;;;Scontro frontale/laterale SX fra veicoli in marcia;Intersezione semaforizzata;Una carreggiata a doppio senso;Asciutto;Asfaltata;Verticale ed orizzontale;Nuvoloso;Normale;Buona;Ore Diurne;1;0;0;3;;;-1;2;Autovettura privata;In marcia / fermata / arresto;Conducente;M;Illeso;0;;Non accertato;Inesistente
1806912;16;16/05/2009 10:00;Strada Urbana;VIA SILVESTRI;all'intersezione semaforizzata con;VIA DEL FORTE BRAVETTA;VIA DEL FORTE BRAVETTA;;;Scontro frontale/laterale SX fra veicoli in marcia;Intersezione semaforizzata;Una carreggiata a doppio senso;Asciutto;Asfaltata;Verticale ed orizzontale;Nuvoloso;Normale;Buona;Ore Diurne;1;0;0;3;;;-1;2;Autovettura privata;In marcia / fermata / arresto;Passeggero;M;Illeso;0;;Non accertato;Inesistente
1806912;16;16/05/2009 10:00;Strada Urbana;VIA SILVESTRI;all'intersezione semaforizzata con;VIA DEL FORTE BRAVETTA;VIA DEL FORTE BRAVETTA;;;Scontro frontale/laterale SX fra veicoli in marcia;Intersezione semaforizzata;Una carreggiata a doppio senso;Asciutto;Asfaltata;Verticale ed orizzontale;Nuvoloso;Normale;Buona;Ore Diurne;1;0;0;3;;;-1;3;Motociclo con passeggero;In marcia / fermata / arresto;Conducente;M;Illeso;0;;Non accertato;Inesistente
1807192;13;25/05/2009 12:40;Strada Urbana;VIA GIAMBATTISTA GELLI;da specificare;;;;.;Scontro laterale fra veicoli in marcia;Rettilineo;Una carreggiata a doppio senso;Asciutto;Asfaltata;Orizzontale;Sereno;Normale;Buona;Ore Diurne;1;0;0;0;;;-1;1;Velocipede;In marcia / fermata / arresto;Conducente;M;Rimandato;0;NON DECEDUTO;Esente;Inesistente
1807199;16;31/05/2009 14:55;Strada Urbana;VIA AURELIA ANTICA;in prossimità;;del civico n. ;446;;Scontro laterale fra veicoli in marcia;Rettilineo;Una carreggiata a doppio senso;Asciutto;Asfaltata;Verticale ed orizzontale;Nuvoloso;Normale;Buona;Ore Diurne;1;0;0;1;;;-1;1;Autovettura privata;In marcia / fermata / arresto;Conducente;M;Illeso;0;;Non accertato;Inesistente
1807199;16;31/05/2009 14:55;Strada Urbana;VIA AURELIA ANTICA;in prossimità;;del civico n. ;446;;Scontro laterale fra veicoli in marcia;Rettilineo;Una carreggiata a doppio senso;Asciutto;Asfaltata;Verticale ed orizzontale;Nuvoloso;Normale;Buona;Ore Diurne;1;0;0;1;;;-1;2;Motociclo a solo;In marcia / fermata / arresto;Conducente;M;Rimandato;0;NON DECEDUTO;Non accertato;Inesistente
1807248;5;20/05/2009 23:20;Strada Urbana;VIA DI TOR VERGATA;in prossimità;;del civico n. ;430;;Tamponamento;Rettilineo;Una carreggiata a doppio senso;Asciutto;Asfaltata;Orizzontale;Sereno;Scarso;Buona;Sufficiente;1;0;0;1;;;-1;1;Autovettura privata;In marcia / fermata / arresto;Conducente;M;Illeso;0;;Non accertato;Inesistente
1807248;5;20/05/2009 23:20;Strada Urbana;VIA DI TOR VERGATA;in prossimità;;del civico n. ;430;;Tamponamento;Rettilineo;Una carreggiata a doppio senso;Asciutto;Asfaltata;Orizzontale;Sereno;Scarso;Buona;Sufficiente;1;0;0;1;;;-1;2;Ciclomotore;In marcia / fermata / arresto;Conducente;M;Rimandato;0;NON DECEDUTO;Non accertato;Inesistente
1807331;11;25/05/2009 22:45;Strada Urbana;VIA CESARE GIULIO VIOLA;in prossimità;;del civico n. ;48;;Veicolo in marcia contro veicolo in sosta;Rettilineo;Due carreggiate;Asciutto;Asfaltata;Verticale ed orizzontale;Sereno;Scarso;Buona;Sufficiente;1;0;0;0;;;-1;1;Autovettura privata;In marcia / fermata / arresto;Conducente;M;Ricoverato;0;NON DECEDUTO;Non accertato;Inesploso
1807417;16;12/05/2009 13:45;Strada Urbana;VIA ABATE UGONE;in prossimità;;del civico n. ;8;;Scontro laterale fra veicoli in marcia;Rettilineo;Una carreggiata a doppio senso;Asciutto;Asfaltata;Orizzontale;Sereno;Intenso;Buona;Ore Diurne;1;0;0;2;;;-1;1;Quadriciclo leggero;In marcia / fermata / arresto;Conducente;M;Illeso;0;;Non accertato;Inesistente
1807417;16;12/05/2009 13:45;Strada Urbana;VIA ABATE UGONE;in prossimità;;del civico n. ;8;;Scontro laterale fra veicoli in marcia;Rettilineo;Una carreggiata a doppio senso;Asciutto;Asfaltata;Orizzontale;Sereno;Intenso;Buona;Ore Diurne;1;0;0;2;;;-1;2;Ciclomotore;In marcia / fermata / arresto;Conducente;M;Rimandato;0;NON DECEDUTO;Utilizzato;Inesistente
1807417;16;12/05/2009 13:45;Strada Urbana;VIA ABATE UGONE;in prossimità;;del civico n. ;8;;Scontro laterale fra veicoli in marcia;Rettilineo;Una carreggiata a doppio senso;Asciutto;Asfaltata;Orizzontale;Sereno;Intenso;Buona;Ore Diurne;1;0;0;2;;;-1;2;Ciclomotore;In marcia / fermata / arresto;Passeggero;M;Illeso;0;;Utilizzato;Inesistente
1807418;16;13/05/2009 07:35;Strada Urbana;VICOLO DEL CASALE LUMBROSO;all'intersezione con;VIA DEL PESCACCIO;VIA DEL PESCACCIO;;;Infortunio per sola frenata improvvisa;Incrocio;Una carreggiata a doppio senso;Asciutto;Asfaltata;Verticale ed orizzontale;Sereno;Normale;Buona;Ore Diurne;1;0;0;2;;;-1;1;Autovettura privata;In marcia / fermata / arresto;Conducente;M;Illeso;0;;Non accertato;Inesistente
1807418;16;13/05/2009 07:35;Strada Urbana;VICOLO DEL CASALE LUMBROSO;all'intersezione con;VIA DEL PESCACCIO;VIA DEL PESCACCIO;;;Infortunio per sola frenata improvvisa;Incrocio;Una carreggiata a doppio senso;Asciutto;Asfaltata;Verticale ed orizzontale;Sereno;Normale;Buona;Ore Diurne;1;0;0;2;;;-1;1;Autovettura privata;In marcia / fermata / arresto;Passeggero;M;Illeso;0;;Non accertato;Inesistente
1807418;16;13/05/2009 07:35;Strada Urbana;VICOLO DEL CASALE LUMBROSO;all'intersezione con;VIA DEL PESCACCIO;VIA DEL PESCACCIO;;;Infortunio per sola frenata improvvisa;Incrocio;Una carreggiata a doppio senso;Asciutto;Asfaltata;Verticale ed orizzontale;Sereno;Normale;Buona;Ore Diurne;1;0;0;2;;;-1;2;Motociclo a solo;In marcia / fermata / arresto;Conducente;M;Rimandato;0;NON DECEDUTO;Non accertato;Inesistente
1807419;16;13/05/2009 15:20;Strada Urbana;VIA AURELIA ANTICA;all'intersezione con;VIA DI TORRE ROSSA;VIA DI TORRE ROSSA;;;Scontro frontale/laterale SX fra veicoli in marcia;Intersezione stradale segnalata;Una carreggiata a doppio senso;Asciutto;Asfaltata;Verticale ed orizzontale;Sereno;Normale;Buona;Ore Diurne;1;0;0;1;;;-1;1;Autovettura privata;In marcia / fermata / arresto;Conducente;M;Rimandato;0;NON DECEDUTO;Non accertato;Inesistente
1807419;16;13/05/2009 15:20;Strada Urbana;VIA AURELIA ANTICA;all'intersezione con;VIA DI TORRE ROSSA;VIA DI TORRE ROSSA;;;Scontro frontale/laterale SX fra veicoli in marcia;Intersezione stradale segnalata;Una carreggiata a doppio senso;Asciutto;Asfaltata;Verticale ed orizzontale;Sereno;Normale;Buona;Ore Diurne;1;0;0;1;;;-1;2;Autovettura privata;In marcia / fermata / arresto;Conducente;M;Illeso;0;;Non accertato;Inesistente
1807420;16;13/05/2009 16:30;Strada Urbana;VIA DEL CASALE LUMBROSO;all'intersezione con;VIA DEL PESCACCIO;VIA DEL PESCACCIO;;;Tamponamento;Intersezione stradale segnalata;Una carreggiata a doppio senso;Asciutto;Asfaltata;Verticale ed orizzontale;Sereno;Normale;Buona;Ore Diurne;1;0;0;1;;;-1;1;Autovettura privata;In marcia / fermata / arresto;Conducente;F;Rimandato;0;NON DECEDUTO;Non accertato;Inesistente
1807420;16;13/05/2009 16:30;Strada Urbana;VIA DEL CASALE LUMBROSO;all'intersezione con;VIA DEL PESCACCIO;VIA DEL PESCACCIO;;;Tamponamento;Intersezione stradale segnalata;Una carreggiata a doppio senso;Asciutto;Asfaltata;Verticale ed orizzontale;Sereno;Normale;Buona;Ore Diurne;1;0;0;1;;;-1;2;Autovettura privata;In marcia / fermata / arresto;Conducente;M;Illeso;0;;Non accertato;Inesistente
1807421;16;13/05/2009 17:45;Strada Urbana;VIA DELLA CONSOLATA;all'intersezione con;VIA DEI CORRER;VIA DEI CORRER;;;Scontro frontale/laterale DX fra veicoli in marcia;Intersezione stradale segnalata;Una carreggiata a doppio senso;Asciutto;Asfaltata;Verticale ed orizzontale;Sereno;Normale;Buona;Ore Diurne;1;0;0;1;;;-1;1;Autovettura privata;In marcia / fermata / arresto;Conducente;F;Illeso;0;;Non accertato;Inesistente
1807421;16;13/05/2009 17:45;Strada Urbana;VIA DELLA CONSOLATA;all'intersezione con;VIA DEI CORRER;VIA DEI CORRER;;;Scontro frontale/laterale DX fra veicoli in marcia;Intersezione stradale segnalata;Una carreggiata a doppio senso;Asciutto;Asfaltata;Verticale ed orizzontale;Sereno;Normale;Buona;Ore Diurne;1;0;0;1;;;-1;2;Motociclo a solo;In marcia / fermata / arresto;Conducente;M;Ricoverato;0;NON DECEDUTO;Non accertato;Inesistente
1807422;16;13/05/2009 18:05;Strada Urbana;VIA LUIGI ZAMBARELLI;in corrispondenza;;del civico n. ;27/29;;Scontro laterale fra veicoli in marcia;Rettilineo;Una carreggiata a doppio senso;Asciutto;Asfaltata;Verticale ed orizzontale;Sereno;Normale;Buona;Ore Diurne;1;0;0;1;;;-1;1;Autovettura privata;In marcia / fermata / arresto;Conducente;F;Illeso;0;;Non accertato;Inesistente
1807422;16;13/05/2009 18:05;Strada Urbana;VIA LUIGI ZAMBARELLI;in corrispondenza;;del civico n. ;27/29;;Scontro laterale fra veicoli in marcia;Rettilineo;Una carreggiata a doppio senso;Asciutto;Asfaltata;Verticale ed orizzontale;Sereno;Normale;Buona;Ore Diurne;1;0;0;1;;;-1;2;Motociclo con passeggero;In marcia / fermata / arresto;Conducente;M;Rimandato;0;NON DECEDUTO;Non accertato;Inesistente
1807423;16;14/05/2009 12:15;Strada Urbana;VIA FEDERICO OZANAM;all'intersezione con;VIA FRANCESCO CATEL;VIA FRANCESCO CATEL;;;Investimento di pedone;Rotatoria;Una carreggiata a doppio senso;Asciutto;Asfaltata;Orizzontale;Sereno;Normale;Buona;Ore Diurne;1;0;0;1;;;-1;;;;Pedone;M;Rimandato;0;NON DECEDUTO;;
1807423;16;14/05/2009 12:15;Strada Urbana;VIA FEDERICO OZANAM;all'intersezione con;VIA FRANCESCO CATEL;VIA FRANCESCO CATEL;;;Investimento di pedone;Rotatoria;Una carreggiata a doppio senso;Asciutto;Asfaltata;Orizzontale;Sereno;Normale;Buona;Ore Diurne;1;0;0;1;;;-1;1;Autovettura privata;In marcia / fermata / arresto;Conducente;M;Illeso;0;;Non accertato;Inesploso
1807424;16;15/05/2009 03:00;Strada Urbana;VIA ABATE UGONE;da specificare;;;;Strada in lieve pendenza;Veicolo in marcia contro veicolo in sosta;Rettilineo;Una carreggiata a doppio senso;Bagnato (pioggia);Asfaltata;Orizzontale;Pioggia in atto;Scarso;Buona;Sufficiente;1;0;0;0;;;-1;1;Autovettura privata;In marcia / fermata / arresto;Conducente;F;Rimandato;0;NON DECEDUTO;Non accertato;Inesistente
1807425;16;15/05/2009 12:45;Strada Urbana;VIA AURELIA ANTICA;in corrispondenza;;del civico n. ;2;;Infortunio per sola frenata improvvisa;Rettilineo;Una carreggiata a doppio senso;Asciutto;Asfaltata;Verticale ed orizzontale;Nuvoloso;Normale;Buona;Ore Diurne;1;0;0;0;;;-1;1;Motociclo a solo;In marcia / fermata / arresto;Conducente;M;Ricoverato;0;NON DECEDUTO;Non accertato;Inesistente
1807426;16;15/05/2009 13:45;Strada Urbana;VIA AURELIA ANTICA;da specificare;;;;20 MT PRIMA DELL'ARCO ACQUEDOTTO PAOLO IN DIR. PAN;Infortunio per caduta del veicolo;Rettilineo;Una carreggiata a doppio senso;Asciutto;Asfaltata;Orizzontale;Nuvoloso;Normale;Buona;Ore Diurne;1;0;0;0;;;-1;1;Motociclo con passeggero;In marcia / fermata / arresto;Conducente;M;Rimandato;0;NON DECEDUTO;Non accertato;Inesistente
1807427;16;16/05/2009 03:00;Strada Urbana;VIA GIACINTO CARINI;all'intersezione con;VIA DI S. PANCRAZIO;VIA DI S. PANCRAZIO;;;Veicolo in marcia contro ostacolo fisso;Intersezione non regolata/non segnalata;Una carreggiata a senso unico di marcia;Asciutto;Asfaltata;Assente;Grandine in atto;Intenso;Insufficiente;Ore Diurne;4;0;0;0;;;-1;1;Autovettura privata;In marcia / fermata / arresto;Passeggero;M;Ricoverato;0;NON DECEDUTO;Non accertato;Esploso
1807427;16;16/05/2009 03:00;Strada Urbana;VIA GIACINTO CARINI;all'intersezione con;VIA DI S. PANCRAZIO;VIA DI S. PANCRAZIO;;;Veicolo in marcia contro ostacolo fisso;Intersezione non regolata/non segnalata;Una carreggiata a senso unico di marcia;Asciutto;Asfaltata;Assente;Grandine in atto;Intenso;Insufficiente;Ore Diurne;4;0;0;0;;;-1;1;Autovettura privata;In marcia / fermata / arresto;Passeggero;M;Ricoverato;0;NON DECEDUTO;Non accertato;Esploso
1807427;16;16/05/2009 03:00;Strada Urbana;VIA GIACINTO CARINI;all'intersezione con;VIA DI S. PANCRAZIO;VIA DI S. PANCRAZIO;;;Veicolo in marcia contro ostacolo fisso;Intersezione non regolata/non segnalata;Una carreggiata a senso unico di marcia;Asciutto;Asfaltata;Assente;Grandine in atto;Intenso;Insufficiente;Ore Diurne;4;0;0;0;;;-1;1;Autovettura privata;In marcia / fermata / arresto;Passeggero;F;Rimandato;0;NON DECEDUTO;Non accertato;Inesploso
1807427;16;16/05/2009 03:00;Strada Urbana;VIA GIACINTO CARINI;all'intersezione con;VIA DI S. PANCRAZIO;VIA DI S. PANCRAZIO;;;Veicolo in marcia contro ostacolo fisso;Intersezione non regolata/non segnalata;Una carreggiata a senso unico di marcia;Asciutto;Asfaltata;Assente;Grandine in atto;Intenso;Insufficiente;Ore Diurne;4;0;0;0;;;-1;1;Autovettura privata;In marcia / fermata / arresto;Conducente;M;Rimandato;0;NON DECEDUTO;Utilizzato;Inesploso
1807428;16;18/05/2009 09:45;Strada Urbana;VIA FEDERICO OZANAM;in prossimità;;del civico n. ;144;;Tamponamento Multiplo;Rettilineo;Una carreggiata a doppio senso;Asciutto;Asfaltata;Verticale ed orizzontale;Sereno;Normale;Buona;Ore Diurne;1;0;0;2;;;-1;1;Autovettura privata;In marcia / fermata / arresto;Conducente;F;Illeso;0;;Non accertato;Inesistente